store_name,gpu_model,gpu_name,fetch_ts,price,url,in_stock
regard,GeForce RTX 3080,Профессиональная видеокарта AMD Radeon Pro W6600 8Gb (100-506159) RTL,1637081412.718257,69480,https://www.regard.ru/catalog/tovar414213.htm,True
regard,Radeon Pro WX 2100,Профессиональная видеокарта AMD Radeon Pro W6600 8Gb (100-506159) RTL,1637081412.718257,69480,https://www.regard.ru/catalog/tovar414213.htm,True
regard,GeForce RTX 3080,Профессиональная видеокарта AMD Radeon Pro W6600 8Gb (100-506159) RTL,1637081412.718257,69480,https://www.regard.ru/catalog/tovar414213.htm,True
regard,GeForce RTX 3080,Профессиональная видеокарта AMD Radeon Pro W6600 8Gb (100-506159) RTL,1637081412.718257,69480,https://www.regard.ru/catalog/tovar414213.htm,True
regard,GeForce RTX 3080,Профессиональная видеокарта AMD Radeon Pro W6600 8Gb (100-506159) RTL,1637081412.718257,69480,https://www.regard.ru/catalog/tovar414213.htm,True
regard,GeForce RTX 3080,Профессиональная видеокарта AMD Radeon Pro W6600 8Gb (100-506159) RTL,1637081412.718257,69480,https://www.regard.ru/catalog/tovar414213.htm,True
regard,GeForce RTX 3080,Профессиональная видеокарта AMD Radeon Pro W6600 8Gb (100-506159) RTL,1637081412.718257,69480,https://www.regard.ru/catalog/tovar414213.htm,True
regard,GeForce RTX 3080,Профессиональная видеокарта AMD Radeon Pro W6600 8Gb (100-506159) RTL,1637081412.718257,69480,https://www.regard.ru/catalog/tovar414213.htm,True
regard,GeForce RTX 3070 Ti,Профессиональная видеокарта AMD Radeon Pro W6600 8Gb (100-506159) RTL,1637081412.718257,69480,https://www.regard.ru/catalog/tovar414213.htm,True
regard,GeForce RTX 3070,Профессиональная видеокарта AMD Radeon Pro W6600 8Gb (100-506159) RTL,1637081412.718257,69480,https://www.regard.ru/catalog/tovar414213.htm,True
regard,GeForce RTX 3070,Профессиональная видеокарта AMD Radeon Pro W6600 8Gb (100-506159) RTL,1637081412.718257,69480,https://www.regard.ru/catalog/tovar414213.htm,True
regard,GeForce RTX 3070,Профессиональная видеокарта AMD Radeon Pro W6600 8Gb (100-506159) RTL,1637081412.718257,69480,https://www.regard.ru/catalog/tovar414213.htm,True
regard,GeForce GTX 1660 Ti,Профессиональная видеокарта AMD Radeon Pro W6600 8Gb (100-506159) RTL,1637081412.718257,69480,https://www.regard.ru/catalog/tovar414213.htm,True
regard,GeForce GTX 1660 Ti,Профессиональная видеокарта AMD Radeon Pro W6600 8Gb (100-506159) RTL,1637081412.718257,69480,https://www.regard.ru/catalog/tovar414213.htm,True
regard,GeForce RTX 3070,Профессиональная видеокарта AMD Radeon Pro W6600 8Gb (100-506159) RTL,1637081412.718257,69480,https://www.regard.ru/catalog/tovar414213.htm,True
regard,Quadro T600,Профессиональная видеокарта AMD Radeon Pro W6600 8Gb (100-506159) RTL,1637081412.718257,69480,https://www.regard.ru/catalog/tovar414213.htm,True
regard,Quadro T400,Профессиональная видеокарта AMD Radeon Pro W6600 8Gb (100-506159) RTL,1637081412.718257,69480,https://www.regard.ru/catalog/tovar414213.htm,True
regard,Quadro T400,Профессиональная видеокарта AMD Radeon Pro W6600 8Gb (100-506159) RTL,1637081412.718257,69480,https://www.regard.ru/catalog/tovar414213.htm,True
regard,Quadro T1000,Профессиональная видеокарта AMD Radeon Pro W6600 8Gb (100-506159) RTL,1637081412.718257,69480,https://www.regard.ru/catalog/tovar414213.htm,True
regard,Quadro T600,Профессиональная видеокарта AMD Radeon Pro W6600 8Gb (100-506159) RTL,1637081412.718257,69480,https://www.regard.ru/catalog/tovar414213.htm,True
regard,Quadro T400,Профессиональная видеокарта AMD Radeon Pro W6600 8Gb (100-506159) RTL,1637081412.718257,69480,https://www.regard.ru/catalog/tovar414213.htm,True
regard,Quadro T400,Профессиональная видеокарта AMD Radeon Pro W6600 8Gb (100-506159) RTL,1637081412.718257,69480,https://www.regard.ru/catalog/tovar414213.htm,True
regard,Quadro T1000,Профессиональная видеокарта AMD Radeon Pro W6600 8Gb (100-506159) RTL,1637081412.718257,69480,https://www.regard.ru/catalog/tovar414213.htm,True
regard,Quadro T1000,Профессиональная видеокарта AMD Radeon Pro W6600 8Gb (100-506159) RTL,1637081412.718257,69480,https://www.regard.ru/catalog/tovar414213.htm,True
regard,Quadro RTX 8000,Профессиональная видеокарта AMD Radeon Pro W6600 8Gb (100-506159) RTL,1637081412.718257,69480,https://www.regard.ru/catalog/tovar414213.htm,True
regard,Quadro T1000,Профессиональная видеокарта AMD Radeon Pro W6600 8Gb (100-506159) RTL,1637081412.718257,69480,https://www.regard.ru/catalog/tovar414213.htm,True
regard,Quadro T1000,Профессиональная видеокарта AMD Radeon Pro W6600 8Gb (100-506159) RTL,1637081412.718257,69480,https://www.regard.ru/catalog/tovar414213.htm,True
regard,Quadro RTX 8000,Профессиональная видеокарта AMD Radeon Pro W6600 8Gb (100-506159) RTL,1637081412.718257,69480,https://www.regard.ru/catalog/tovar414213.htm,True
regard,Quadro RTX 8000,Профессиональная видеокарта AMD Radeon Pro W6600 8Gb (100-506159) RTL,1637081412.718257,69480,https://www.regard.ru/catalog/tovar414213.htm,True
regard,Quadro RTX 6000,Профессиональная видеокарта AMD Radeon Pro W6600 8Gb (100-506159) RTL,1637081412.718257,69480,https://www.regard.ru/catalog/tovar414213.htm,True
regard,Quadro RTX 6000,Профессиональная видеокарта AMD Radeon Pro W6600 8Gb (100-506159) RTL,1637081412.718257,69480,https://www.regard.ru/catalog/tovar414213.htm,True
regard,Quadro RTX 6000,Профессиональная видеокарта AMD Radeon Pro W6600 8Gb (100-506159) RTL,1637081412.718257,69480,https://www.regard.ru/catalog/tovar414213.htm,True
regard,Quadro RTX 6000,Профессиональная видеокарта AMD Radeon Pro W6600 8Gb (100-506159) RTL,1637081412.718257,69480,https://www.regard.ru/catalog/tovar414213.htm,True
regard,Quadro RTX 5000,Профессиональная видеокарта AMD Radeon Pro W6600 8Gb (100-506159) RTL,1637081412.718257,69480,https://www.regard.ru/catalog/tovar414213.htm,True
regard,Quadro RTX 5000,Профессиональная видеокарта AMD Radeon Pro W6600 8Gb (100-506159) RTL,1637081412.718257,69480,https://www.regard.ru/catalog/tovar414213.htm,True
regard,Quadro RTX 4000,Профессиональная видеокарта AMD Radeon Pro W6600 8Gb (100-506159) RTL,1637081412.718257,69480,https://www.regard.ru/catalog/tovar414213.htm,True
regard,Quadro RTX 4000,Профессиональная видеокарта AMD Radeon Pro W6600 8Gb (100-506159) RTL,1637081412.718257,69480,https://www.regard.ru/catalog/tovar414213.htm,True
regard,Quadro RTX 5000,Профессиональная видеокарта AMD Radeon Pro W6600 8Gb (100-506159) RTL,1637081412.718257,69480,https://www.regard.ru/catalog/tovar414213.htm,True
regard,Quadro RTX 4000,Профессиональная видеокарта AMD Radeon Pro W6600 8Gb (100-506159) RTL,1637081412.718257,69480,https://www.regard.ru/catalog/tovar414213.htm,True
regard,Quadro RTX 4000,Профессиональная видеокарта AMD Radeon Pro W6600 8Gb (100-506159) RTL,1637081412.718257,69480,https://www.regard.ru/catalog/tovar414213.htm,True
regard,Quadro RTX 6000,Профессиональная видеокарта AMD Radeon Pro W6600 8Gb (100-506159) RTL,1637081412.718257,69480,https://www.regard.ru/catalog/tovar414213.htm,True
regard,Quadro RTX A6000,Профессиональная видеокарта AMD Radeon Pro W6600 8Gb (100-506159) RTL,1637081412.718257,69480,https://www.regard.ru/catalog/tovar414213.htm,True
regard,Quadro P400,Профессиональная видеокарта AMD Radeon Pro W6600 8Gb (100-506159) RTL,1637081412.718257,69480,https://www.regard.ru/catalog/tovar414213.htm,True
regard,Quadro P400,Профессиональная видеокарта AMD Radeon Pro W6600 8Gb (100-506159) RTL,1637081412.718257,69480,https://www.regard.ru/catalog/tovar414213.htm,True
regard,Quadro RTX 4000,Профессиональная видеокарта AMD Radeon Pro W6600 8Gb (100-506159) RTL,1637081412.718257,69480,https://www.regard.ru/catalog/tovar414213.htm,True
regard,Quadro GP100,Профессиональная видеокарта AMD Radeon Pro W6600 8Gb (100-506159) RTL,1637081412.718257,69480,https://www.regard.ru/catalog/tovar414213.htm,True
regard,Quadro RTX A6000,Профессиональная видеокарта AMD Radeon Pro W6600 8Gb (100-506159) RTL,1637081412.718257,69480,https://www.regard.ru/catalog/tovar414213.htm,True
regard,GeForce RTX 3090,Профессиональная видеокарта AMD Radeon Pro W6600 8Gb (100-506159) RTL,1637081412.718257,69480,https://www.regard.ru/catalog/tovar414213.htm,True
regard,GeForce RTX 3090,Профессиональная видеокарта AMD Radeon Pro W6600 8Gb (100-506159) RTL,1637081412.718257,69480,https://www.regard.ru/catalog/tovar414213.htm,True
regard,GeForce RTX 3080,Профессиональная видеокарта AMD Radeon Pro W6600 8Gb (100-506159) RTL,1637081412.718257,69480,https://www.regard.ru/catalog/tovar414213.htm,True
regard,GeForce RTX 3080,Профессиональная видеокарта AMD Radeon Pro W6600 8Gb (100-506159) RTL,1637081412.718257,69480,https://www.regard.ru/catalog/tovar414213.htm,True
regard,Quadro M6000,Профессиональная видеокарта AMD Radeon Pro W6600 8Gb (100-506159) RTL,1637081412.718257,69480,https://www.regard.ru/catalog/tovar414213.htm,True
regard,GeForce RTX 3080,Профессиональная видеокарта AMD Radeon Pro W6600 8Gb (100-506159) RTL,1637081412.718257,69480,https://www.regard.ru/catalog/tovar414213.htm,True
onlinetrade,NVIDIA GeForce RTX 3060 Ti ,SAPPHIRE Radeon RX 6600 XT 8192Mb NITRO+ OC (11309-01-20G),1637081414.7371223,81 990 ₽,https://www.onlinetrade.ru/catalogue/videokarty-c338//catalogue/videokarty-c338/sapphire/videokarta_sapphire_radeon_rx_6600_xt_8192mb_nitro_oc_11309_01_20g-2765617.html,True
onlinetrade,AMD Radeon RX 560 ,SAPPHIRE Radeon RX 6600 XT 8192Mb NITRO+ OC (11309-01-20G),1637081414.7371223,81 990 ₽,https://www.onlinetrade.ru/catalogue/videokarty-c338//catalogue/videokarty-c338/sapphire/videokarta_sapphire_radeon_rx_6600_xt_8192mb_nitro_oc_11309_01_20g-2765617.html,True
onlinetrade,NVIDIA GeForce GT 740 ,SAPPHIRE Radeon RX 6600 XT 8192Mb NITRO+ OC (11309-01-20G),1637081414.7371223,81 990 ₽,https://www.onlinetrade.ru/catalogue/videokarty-c338//catalogue/videokarty-c338/sapphire/videokarta_sapphire_radeon_rx_6600_xt_8192mb_nitro_oc_11309_01_20g-2765617.html,True
onlinetrade,NVIDIA GeForce GTX 750 Ti ,SAPPHIRE Radeon RX 6600 XT 8192Mb NITRO+ OC (11309-01-20G),1637081414.7371223,81 990 ₽,https://www.onlinetrade.ru/catalogue/videokarty-c338//catalogue/videokarty-c338/sapphire/videokarta_sapphire_radeon_rx_6600_xt_8192mb_nitro_oc_11309_01_20g-2765617.html,True
onlinetrade,NVIDIA GeForce RTX 3060 Ti ,SAPPHIRE Radeon RX 6600 XT 8192Mb NITRO+ OC (11309-01-20G),1637081414.7371223,81 990 ₽,https://www.onlinetrade.ru/catalogue/videokarty-c338//catalogue/videokarty-c338/sapphire/videokarta_sapphire_radeon_rx_6600_xt_8192mb_nitro_oc_11309_01_20g-2765617.html,True
onlinetrade,NVIDIA GeForce GTX 1660 Super ,SAPPHIRE Radeon RX 6600 XT 8192Mb NITRO+ OC (11309-01-20G),1637081414.7371223,81 990 ₽,https://www.onlinetrade.ru/catalogue/videokarty-c338//catalogue/videokarty-c338/sapphire/videokarta_sapphire_radeon_rx_6600_xt_8192mb_nitro_oc_11309_01_20g-2765617.html,True
onlinetrade,NVIDIA GeForce GT 730 ,SAPPHIRE Radeon RX 6600 XT 8192Mb NITRO+ OC (11309-01-20G),1637081414.7371223,81 990 ₽,https://www.onlinetrade.ru/catalogue/videokarty-c338//catalogue/videokarty-c338/sapphire/videokarta_sapphire_radeon_rx_6600_xt_8192mb_nitro_oc_11309_01_20g-2765617.html,True
onlinetrade,NVIDIA GeForce RTX 3060 ,SAPPHIRE Radeon RX 6600 XT 8192Mb NITRO+ OC (11309-01-20G),1637081414.7371223,81 990 ₽,https://www.onlinetrade.ru/catalogue/videokarty-c338//catalogue/videokarty-c338/sapphire/videokarta_sapphire_radeon_rx_6600_xt_8192mb_nitro_oc_11309_01_20g-2765617.html,True
onlinetrade,NVIDIA GeForce GTX 1660 Ti ,SAPPHIRE Radeon RX 6600 XT 8192Mb NITRO+ OC (11309-01-20G),1637081414.7371223,81 990 ₽,https://www.onlinetrade.ru/catalogue/videokarty-c338//catalogue/videokarty-c338/sapphire/videokarta_sapphire_radeon_rx_6600_xt_8192mb_nitro_oc_11309_01_20g-2765617.html,True
onlinetrade,NVIDIA GeForce GT 730 ,SAPPHIRE Radeon RX 6600 XT 8192Mb NITRO+ OC (11309-01-20G),1637081414.7371223,81 990 ₽,https://www.onlinetrade.ru/catalogue/videokarty-c338//catalogue/videokarty-c338/sapphire/videokarta_sapphire_radeon_rx_6600_xt_8192mb_nitro_oc_11309_01_20g-2765617.html,True
onlinetrade,AMD Radeon RX 6600 ,SAPPHIRE Radeon RX 6600 XT 8192Mb NITRO+ OC (11309-01-20G),1637081414.7371223,81 990 ₽,https://www.onlinetrade.ru/catalogue/videokarty-c338//catalogue/videokarty-c338/sapphire/videokarta_sapphire_radeon_rx_6600_xt_8192mb_nitro_oc_11309_01_20g-2765617.html,True
onlinetrade,NVIDIA GeForce GTX 750 Ti ,SAPPHIRE Radeon RX 6600 XT 8192Mb NITRO+ OC (11309-01-20G),1637081414.7371223,81 990 ₽,https://www.onlinetrade.ru/catalogue/videokarty-c338//catalogue/videokarty-c338/sapphire/videokarta_sapphire_radeon_rx_6600_xt_8192mb_nitro_oc_11309_01_20g-2765617.html,True
onlinetrade,NVIDIA GeForce GT 730 ,SAPPHIRE Radeon RX 6600 XT 8192Mb NITRO+ OC (11309-01-20G),1637081414.7371223,81 990 ₽,https://www.onlinetrade.ru/catalogue/videokarty-c338//catalogue/videokarty-c338/sapphire/videokarta_sapphire_radeon_rx_6600_xt_8192mb_nitro_oc_11309_01_20g-2765617.html,True
onlinetrade,NVIDIA GeForce GTX 1660 Super ,SAPPHIRE Radeon RX 6600 XT 8192Mb NITRO+ OC (11309-01-20G),1637081414.7371223,81 990 ₽,https://www.onlinetrade.ru/catalogue/videokarty-c338//catalogue/videokarty-c338/sapphire/videokarta_sapphire_radeon_rx_6600_xt_8192mb_nitro_oc_11309_01_20g-2765617.html,True
onlinetrade,AMD Radeon RX 6600 ,SAPPHIRE Radeon RX 6600 XT 8192Mb NITRO+ OC (11309-01-20G),1637081414.7371223,81 990 ₽,https://www.onlinetrade.ru/catalogue/videokarty-c338//catalogue/videokarty-c338/sapphire/videokarta_sapphire_radeon_rx_6600_xt_8192mb_nitro_oc_11309_01_20g-2765617.html,True
onlinetrade,AMD Radeon RX 6600 XT ,GIGABYTE GeForce RTX 3060 Ti LHR 8192Mb GAMING OC PRO 3.0 (GV-N306TGAMINGOC PRO-8GD 3.0),1637081417.2764347,111 990 ₽,https://www.onlinetrade.ru/catalogue/videokarty-c338//catalogue/videokarty-c338/gigabyte/videokarta_gigabyte_geforce_rtx_3060_ti_lhr_8192mb_gaming_oc_pro_3.0_gv_n306tgamingoc_pro_8gd_3.0-2664373.html,True
onlinetrade,NVIDIA GeForce RTX 3060 ,GIGABYTE GeForce RTX 3060 Ti LHR 8192Mb GAMING OC PRO 3.0 (GV-N306TGAMINGOC PRO-8GD 3.0),1637081417.2764347,111 990 ₽,https://www.onlinetrade.ru/catalogue/videokarty-c338//catalogue/videokarty-c338/gigabyte/videokarta_gigabyte_geforce_rtx_3060_ti_lhr_8192mb_gaming_oc_pro_3.0_gv_n306tgamingoc_pro_8gd_3.0-2664373.html,True
onlinetrade,NVIDIA GeForce GTX 1660 ,GIGABYTE GeForce RTX 3060 Ti LHR 8192Mb GAMING OC PRO 3.0 (GV-N306TGAMINGOC PRO-8GD 3.0),1637081417.2764347,111 990 ₽,https://www.onlinetrade.ru/catalogue/videokarty-c338//catalogue/videokarty-c338/gigabyte/videokarta_gigabyte_geforce_rtx_3060_ti_lhr_8192mb_gaming_oc_pro_3.0_gv_n306tgamingoc_pro_8gd_3.0-2664373.html,True
onlinetrade,NVIDIA GeForce GTX 1660 Ti ,Palit RTX 3090 24576Mb GAMINGPRO (NED3090019SB-132BA),1637081417.5997796,349 990 ₽,https://www.onlinetrade.ru/catalogue/videokarty-c338//catalogue/videokarty-c338/palit/videokarta_palit_rtx_3090_24576mb_gamingpro_ned3090019sb_132ba-2314967.html,True
onlinetrade,NVIDIA GeForce GTX 1050 Ti ,Palit RTX 3090 24576Mb GAMINGPRO (NED3090019SB-132BA),1637081417.5997796,349 990 ₽,https://www.onlinetrade.ru/catalogue/videokarty-c338//catalogue/videokarty-c338/palit/videokarta_palit_rtx_3090_24576mb_gamingpro_ned3090019sb_132ba-2314967.html,True
onlinetrade,NVIDIA GeForce RTX 3060 Ti ,Palit RTX 3090 24576Mb GAMINGPRO (NED3090019SB-132BA),1637081417.5997796,349 990 ₽,https://www.onlinetrade.ru/catalogue/videokarty-c338//catalogue/videokarty-c338/palit/videokarta_palit_rtx_3090_24576mb_gamingpro_ned3090019sb_132ba-2314967.html,True
onlinetrade,AMD Radeon RX 6600 XT ,Palit RTX 3090 24576Mb GAMINGPRO (NED3090019SB-132BA),1637081417.5997796,349 990 ₽,https://www.onlinetrade.ru/catalogue/videokarty-c338//catalogue/videokarty-c338/palit/videokarta_palit_rtx_3090_24576mb_gamingpro_ned3090019sb_132ba-2314967.html,True
onlinetrade,NVIDIA GeForce GT 610 ,Palit RTX 3090 24576Mb GAMINGPRO (NED3090019SB-132BA),1637081417.5997796,349 990 ₽,https://www.onlinetrade.ru/catalogue/videokarty-c338//catalogue/videokarty-c338/palit/videokarta_palit_rtx_3090_24576mb_gamingpro_ned3090019sb_132ba-2314967.html,True
onlinetrade,NVIDIA GeForce GT 1030 ,Palit RTX 3090 24576Mb GAMINGPRO (NED3090019SB-132BA),1637081417.5997796,349 990 ₽,https://www.onlinetrade.ru/catalogue/videokarty-c338//catalogue/videokarty-c338/palit/videokarta_palit_rtx_3090_24576mb_gamingpro_ned3090019sb_132ba-2314967.html,True
onlinetrade,NVIDIA Quadro RTX4000 ,Palit RTX 3090 24576Mb GAMINGPRO (NED3090019SB-132BA),1637081417.5997796,349 990 ₽,https://www.onlinetrade.ru/catalogue/videokarty-c338//catalogue/videokarty-c338/palit/videokarta_palit_rtx_3090_24576mb_gamingpro_ned3090019sb_132ba-2314967.html,True
onlinetrade,NVIDIA GeForce GTX 1050 Ti ,Palit RTX 3090 24576Mb GAMINGPRO (NED3090019SB-132BA),1637081417.5997796,349 990 ₽,https://www.onlinetrade.ru/catalogue/videokarty-c338//catalogue/videokarty-c338/palit/videokarta_palit_rtx_3090_24576mb_gamingpro_ned3090019sb_132ba-2314967.html,True
onlinetrade,NVIDIA GeForce RTX 3060 ,Palit RTX 3090 24576Mb GAMINGPRO (NED3090019SB-132BA),1637081417.5997796,349 990 ₽,https://www.onlinetrade.ru/catalogue/videokarty-c338//catalogue/videokarty-c338/palit/videokarta_palit_rtx_3090_24576mb_gamingpro_ned3090019sb_132ba-2314967.html,True
onlinetrade,NVIDIA GeForce GT 610 ,Palit RTX 3090 24576Mb GAMINGPRO (NED3090019SB-132BA),1637081417.5997796,349 990 ₽,https://www.onlinetrade.ru/catalogue/videokarty-c338//catalogue/videokarty-c338/palit/videokarta_palit_rtx_3090_24576mb_gamingpro_ned3090019sb_132ba-2314967.html,True
onlinetrade,NVIDIA GeForce RTX 3070 ,PNY Quadro P400 V2 2048Mb OEM (VCQP400DVIV2BLK-1),1637081418.6199572,10 740 ₽,https://www.onlinetrade.ru/catalogue/videokarty-c338//catalogue/videokarty-c338/pny/videokarta_pny_quadro_p400_v2_2048mb_oem_vcqp400dviv2blk_1-2105273.html,True
onlinetrade,NVIDIA Quadro T600 ,PNY Quadro P400 V2 2048Mb OEM (VCQP400DVIV2BLK-1),1637081418.6199572,10 740 ₽,https://www.onlinetrade.ru/catalogue/videokarty-c338//catalogue/videokarty-c338/pny/videokarta_pny_quadro_p400_v2_2048mb_oem_vcqp400dviv2blk_1-2105273.html,True
onlinetrade,NVIDIA GeForce RTX 3060 Ti ,PNY Quadro P400 V2 2048Mb OEM (VCQP400DVIV2BLK-1),1637081418.6199572,10 740 ₽,https://www.onlinetrade.ru/catalogue/videokarty-c338//catalogue/videokarty-c338/pny/videokarta_pny_quadro_p400_v2_2048mb_oem_vcqp400dviv2blk_1-2105273.html,True
onlinetrade,NVIDIA GeForce RTX 3060 Ti ,PNY Quadro P400 V2 2048Mb OEM (VCQP400DVIV2BLK-1),1637081418.6199572,10 740 ₽,https://www.onlinetrade.ru/catalogue/videokarty-c338//catalogue/videokarty-c338/pny/videokarta_pny_quadro_p400_v2_2048mb_oem_vcqp400dviv2blk_1-2105273.html,True
onlinetrade,NVIDIA GeForce GTX 1650 ,PNY Quadro P400 V2 2048Mb OEM (VCQP400DVIV2BLK-1),1637081418.6199572,10 740 ₽,https://www.onlinetrade.ru/catalogue/videokarty-c338//catalogue/videokarty-c338/pny/videokarta_pny_quadro_p400_v2_2048mb_oem_vcqp400dviv2blk_1-2105273.html,True
onlinetrade,NVIDIA Quadro P400 ,PNY Quadro P400 V2 2048Mb OEM (VCQP400DVIV2BLK-1),1637081418.6199572,10 740 ₽,https://www.onlinetrade.ru/catalogue/videokarty-c338//catalogue/videokarty-c338/pny/videokarta_pny_quadro_p400_v2_2048mb_oem_vcqp400dviv2blk_1-2105273.html,True
onlinetrade,NVIDIA GeForce RTX 3090 ,PNY Quadro P400 V2 2048Mb OEM (VCQP400DVIV2BLK-1),1637081418.6199572,10 740 ₽,https://www.onlinetrade.ru/catalogue/videokarty-c338//catalogue/videokarty-c338/pny/videokarta_pny_quadro_p400_v2_2048mb_oem_vcqp400dviv2blk_1-2105273.html,True
onlinetrade,NVIDIA GeForce GT 730 ,PNY Quadro P400 V2 2048Mb OEM (VCQP400DVIV2BLK-1),1637081418.6199572,10 740 ₽,https://www.onlinetrade.ru/catalogue/videokarty-c338//catalogue/videokarty-c338/pny/videokarta_pny_quadro_p400_v2_2048mb_oem_vcqp400dviv2blk_1-2105273.html,True
onlinetrade,NVIDIA GeForce GTX 1650 ,PNY Quadro P400 V2 2048Mb OEM (VCQP400DVIV2BLK-1),1637081418.6199572,10 740 ₽,https://www.onlinetrade.ru/catalogue/videokarty-c338//catalogue/videokarty-c338/pny/videokarta_pny_quadro_p400_v2_2048mb_oem_vcqp400dviv2blk_1-2105273.html,True
onlinetrade,NVIDIA GeForce GTX 1660 Ti ,PNY Quadro P400 V2 2048Mb OEM (VCQP400DVIV2BLK-1),1637081418.6199572,10 740 ₽,https://www.onlinetrade.ru/catalogue/videokarty-c338//catalogue/videokarty-c338/pny/videokarta_pny_quadro_p400_v2_2048mb_oem_vcqp400dviv2blk_1-2105273.html,True
onlinetrade,NVIDIA GeForce RTX 3060 ,PNY Quadro P400 V2 2048Mb OEM (VCQP400DVIV2BLK-1),1637081418.6199572,10 740 ₽,https://www.onlinetrade.ru/catalogue/videokarty-c338//catalogue/videokarty-c338/pny/videokarta_pny_quadro_p400_v2_2048mb_oem_vcqp400dviv2blk_1-2105273.html,True
onlinetrade,NVIDIA GeForce RTX 3070 ,PNY Quadro P400 V2 2048Mb OEM (VCQP400DVIV2BLK-1),1637081418.6199572,10 740 ₽,https://www.onlinetrade.ru/catalogue/videokarty-c338//catalogue/videokarty-c338/pny/videokarta_pny_quadro_p400_v2_2048mb_oem_vcqp400dviv2blk_1-2105273.html,True
onlinetrade,NVIDIA GeForce RTX 3090 ,PNY Quadro P400 V2 2048Mb OEM (VCQP400DVIV2BLK-1),1637081418.6199572,10 740 ₽,https://www.onlinetrade.ru/catalogue/videokarty-c338//catalogue/videokarty-c338/pny/videokarta_pny_quadro_p400_v2_2048mb_oem_vcqp400dviv2blk_1-2105273.html,True
onlinetrade,NVIDIA GeForce RTX 3070 ,PNY Quadro P400 V2 2048Mb OEM (VCQP400DVIV2BLK-1),1637081418.6199572,10 740 ₽,https://www.onlinetrade.ru/catalogue/videokarty-c338//catalogue/videokarty-c338/pny/videokarta_pny_quadro_p400_v2_2048mb_oem_vcqp400dviv2blk_1-2105273.html,True
onlinetrade,AMD Radeon Pro WX 3200 ,GIGABYTE GeForce RTX 3060 LHR 12288Mb AORUS E 2.0 (GV-N3060AORUS E-12GD 2.0),1637081420.3828268,93 100 ₽,https://www.onlinetrade.ru/catalogue/videokarty-c338//catalogue/videokarty-c338/gigabyte/videokarta_gigabyte_geforce_rtx_3060_lhr_12288mb_aorus_e_2.0_gv_n3060aorus_e_12gd_2.0-2664359.html,True
onlinetrade,NVIDIA Quadro P400 ,GIGABYTE GeForce RTX 3060 LHR 12288Mb AORUS E 2.0 (GV-N3060AORUS E-12GD 2.0),1637081420.3828268,93 100 ₽,https://www.onlinetrade.ru/catalogue/videokarty-c338//catalogue/videokarty-c338/gigabyte/videokarta_gigabyte_geforce_rtx_3060_lhr_12288mb_aorus_e_2.0_gv_n3060aorus_e_12gd_2.0-2664359.html,True
onlinetrade,NVIDIA T400 ,GIGABYTE GeForce RTX 3060 LHR 12288Mb AORUS E 2.0 (GV-N3060AORUS E-12GD 2.0),1637081420.3828268,93 100 ₽,https://www.onlinetrade.ru/catalogue/videokarty-c338//catalogue/videokarty-c338/gigabyte/videokarta_gigabyte_geforce_rtx_3060_lhr_12288mb_aorus_e_2.0_gv_n3060aorus_e_12gd_2.0-2664359.html,True
onlinetrade,AMD Radeon RX 6900 XT ,GIGABYTE GeForce RTX 3060 LHR 12288Mb AORUS E 2.0 (GV-N3060AORUS E-12GD 2.0),1637081420.3828268,93 100 ₽,https://www.onlinetrade.ru/catalogue/videokarty-c338//catalogue/videokarty-c338/gigabyte/videokarta_gigabyte_geforce_rtx_3060_lhr_12288mb_aorus_e_2.0_gv_n3060aorus_e_12gd_2.0-2664359.html,True
onlinetrade,NVIDIA GeForce RTX 3080 Ti ,GIGABYTE GeForce RTX 3060 LHR 12288Mb AORUS E 2.0 (GV-N3060AORUS E-12GD 2.0),1637081420.3828268,93 100 ₽,https://www.onlinetrade.ru/catalogue/videokarty-c338//catalogue/videokarty-c338/gigabyte/videokarta_gigabyte_geforce_rtx_3060_lhr_12288mb_aorus_e_2.0_gv_n3060aorus_e_12gd_2.0-2664359.html,True
onlinetrade,NVIDIA GeForce GT 720 ,GIGABYTE GeForce RTX 3060 LHR 12288Mb AORUS E 2.0 (GV-N3060AORUS E-12GD 2.0),1637081420.3828268,93 100 ₽,https://www.onlinetrade.ru/catalogue/videokarty-c338//catalogue/videokarty-c338/gigabyte/videokarta_gigabyte_geforce_rtx_3060_lhr_12288mb_aorus_e_2.0_gv_n3060aorus_e_12gd_2.0-2664359.html,True
onlinetrade,NVIDIA GeForce RTX 3080 ,GIGABYTE GeForce RTX 3060 LHR 12288Mb AORUS E 2.0 (GV-N3060AORUS E-12GD 2.0),1637081420.3828268,93 100 ₽,https://www.onlinetrade.ru/catalogue/videokarty-c338//catalogue/videokarty-c338/gigabyte/videokarta_gigabyte_geforce_rtx_3060_lhr_12288mb_aorus_e_2.0_gv_n3060aorus_e_12gd_2.0-2664359.html,True
onlinetrade,NVIDIA GeForce RTX 2060 Super ,GIGABYTE GeForce RTX 3060 LHR 12288Mb AORUS E 2.0 (GV-N3060AORUS E-12GD 2.0),1637081420.3828268,93 100 ₽,https://www.onlinetrade.ru/catalogue/videokarty-c338//catalogue/videokarty-c338/gigabyte/videokarta_gigabyte_geforce_rtx_3060_lhr_12288mb_aorus_e_2.0_gv_n3060aorus_e_12gd_2.0-2664359.html,True
onlinetrade,NVIDIA Quadro P2200 ,GIGABYTE GeForce RTX 3060 LHR 12288Mb AORUS E 2.0 (GV-N3060AORUS E-12GD 2.0),1637081420.3828268,93 100 ₽,https://www.onlinetrade.ru/catalogue/videokarty-c338//catalogue/videokarty-c338/gigabyte/videokarta_gigabyte_geforce_rtx_3060_lhr_12288mb_aorus_e_2.0_gv_n3060aorus_e_12gd_2.0-2664359.html,True
onlinetrade,NVIDIA GeForce GT 220 ,GIGABYTE GeForce RTX 3060 LHR 12288Mb AORUS E 2.0 (GV-N3060AORUS E-12GD 2.0),1637081420.3828268,93 100 ₽,https://www.onlinetrade.ru/catalogue/videokarty-c338//catalogue/videokarty-c338/gigabyte/videokarta_gigabyte_geforce_rtx_3060_lhr_12288mb_aorus_e_2.0_gv_n3060aorus_e_12gd_2.0-2664359.html,True
onlinetrade,NVIDIA Quadro P2200 ,GIGABYTE GeForce RTX 3060 LHR 12288Mb AORUS E 2.0 (GV-N3060AORUS E-12GD 2.0),1637081420.3828268,93 100 ₽,https://www.onlinetrade.ru/catalogue/videokarty-c338//catalogue/videokarty-c338/gigabyte/videokarta_gigabyte_geforce_rtx_3060_lhr_12288mb_aorus_e_2.0_gv_n3060aorus_e_12gd_2.0-2664359.html,True
onlinetrade,NVIDIA GeForce GTX 1650 ,SINOTEX Radeon R5 230 2048Mb (AKR523023F),1637081421.7486484,3 790 ₽,https://www.onlinetrade.ru/catalogue/videokarty-c338//catalogue/videokarty-c338/sinotex/videokarta_sinotex_radeon_r5_230_2048mb_akr523023f-2367554.html,True
onlinetrade,NVIDIA GeForce GTX 1650 ,SINOTEX Radeon R5 230 2048Mb (AKR523023F),1637081421.7486484,3 790 ₽,https://www.onlinetrade.ru/catalogue/videokarty-c338//catalogue/videokarty-c338/sinotex/videokarta_sinotex_radeon_r5_230_2048mb_akr523023f-2367554.html,True
onlinetrade,NVIDIA Quadro P620 ,SINOTEX Radeon R5 230 2048Mb (AKR523023F),1637081421.7486484,3 790 ₽,https://www.onlinetrade.ru/catalogue/videokarty-c338//catalogue/videokarty-c338/sinotex/videokarta_sinotex_radeon_r5_230_2048mb_akr523023f-2367554.html,True
onlinetrade,NVIDIA GeForce RTX 3060 ,SINOTEX Radeon R5 230 2048Mb (AKR523023F),1637081421.7486484,3 790 ₽,https://www.onlinetrade.ru/catalogue/videokarty-c338//catalogue/videokarty-c338/sinotex/videokarta_sinotex_radeon_r5_230_2048mb_akr523023f-2367554.html,True
onlinetrade,NVIDIA GeForce GT 730 ,SINOTEX Radeon R5 230 2048Mb (AKR523023F),1637081421.7486484,3 790 ₽,https://www.onlinetrade.ru/catalogue/videokarty-c338//catalogue/videokarty-c338/sinotex/videokarta_sinotex_radeon_r5_230_2048mb_akr523023f-2367554.html,True
onlinetrade,AMD Radeon RX 6600 ,SINOTEX Radeon R5 230 2048Mb (AKR523023F),1637081421.7486484,3 790 ₽,https://www.onlinetrade.ru/catalogue/videokarty-c338//catalogue/videokarty-c338/sinotex/videokarta_sinotex_radeon_r5_230_2048mb_akr523023f-2367554.html,True
onlinetrade,NVIDIA GeForce RTX 3070 ,SINOTEX Radeon R5 230 2048Mb (AKR523023F),1637081421.7486484,3 790 ₽,https://www.onlinetrade.ru/catalogue/videokarty-c338//catalogue/videokarty-c338/sinotex/videokarta_sinotex_radeon_r5_230_2048mb_akr523023f-2367554.html,True
onlinetrade,NVIDIA GeForce RTX 3080 ,SINOTEX Radeon R5 230 2048Mb (AKR523023F),1637081421.7486484,3 790 ₽,https://www.onlinetrade.ru/catalogue/videokarty-c338//catalogue/videokarty-c338/sinotex/videokarta_sinotex_radeon_r5_230_2048mb_akr523023f-2367554.html,True
onlinetrade,AMD Radeon RX 6700 XT ,SINOTEX Radeon R5 230 2048Mb (AKR523023F),1637081421.7486484,3 790 ₽,https://www.onlinetrade.ru/catalogue/videokarty-c338//catalogue/videokarty-c338/sinotex/videokarta_sinotex_radeon_r5_230_2048mb_akr523023f-2367554.html,True
onlinetrade,NVIDIA GeForce RTX 3080 Ti ,ASUS GeForce RTX 3070 LHR 8192Mb TUF GAMING V2 (TUF-RTX3070-8G-V2-GAMING),1637081422.9436605,105 990 ₽,https://www.onlinetrade.ru/catalogue/videokarty-c338//catalogue/videokarty-c338/asus/videokarta_asus_geforce_rtx_3070_lhr_8192mb_tuf_gaming_v2_tuf_rtx3070_8g_v2_gaming-2860821.html,True
onlinetrade,NVIDIA GeForce GTX 1650 ,ASUS GeForce RTX 3070 LHR 8192Mb TUF GAMING V2 (TUF-RTX3070-8G-V2-GAMING),1637081422.9436605,105 990 ₽,https://www.onlinetrade.ru/catalogue/videokarty-c338//catalogue/videokarty-c338/asus/videokarta_asus_geforce_rtx_3070_lhr_8192mb_tuf_gaming_v2_tuf_rtx3070_8g_v2_gaming-2860821.html,True
onlinetrade,NVIDIA Quadro P400 ,ASUS GeForce RTX 3070 LHR 8192Mb TUF GAMING V2 (TUF-RTX3070-8G-V2-GAMING),1637081422.9436605,105 990 ₽,https://www.onlinetrade.ru/catalogue/videokarty-c338//catalogue/videokarty-c338/asus/videokarta_asus_geforce_rtx_3070_lhr_8192mb_tuf_gaming_v2_tuf_rtx3070_8g_v2_gaming-2860821.html,True
onlinetrade,NVIDIA GeForce GTX 1050 Ti ,ASUS GeForce RTX 3070 LHR 8192Mb TUF GAMING V2 (TUF-RTX3070-8G-V2-GAMING),1637081422.9436605,105 990 ₽,https://www.onlinetrade.ru/catalogue/videokarty-c338//catalogue/videokarty-c338/asus/videokarta_asus_geforce_rtx_3070_lhr_8192mb_tuf_gaming_v2_tuf_rtx3070_8g_v2_gaming-2860821.html,True
onlinetrade,NVIDIA GeForce GT 730 ,ASUS GeForce RTX 3070 LHR 8192Mb TUF GAMING V2 (TUF-RTX3070-8G-V2-GAMING),1637081422.9436605,105 990 ₽,https://www.onlinetrade.ru/catalogue/videokarty-c338//catalogue/videokarty-c338/asus/videokarta_asus_geforce_rtx_3070_lhr_8192mb_tuf_gaming_v2_tuf_rtx3070_8g_v2_gaming-2860821.html,True
onlinetrade,AMD Radeon RX 6900 XT ,ASUS GeForce RTX 3070 LHR 8192Mb TUF GAMING V2 (TUF-RTX3070-8G-V2-GAMING),1637081422.9436605,105 990 ₽,https://www.onlinetrade.ru/catalogue/videokarty-c338//catalogue/videokarty-c338/asus/videokarta_asus_geforce_rtx_3070_lhr_8192mb_tuf_gaming_v2_tuf_rtx3070_8g_v2_gaming-2860821.html,True
onlinetrade,NVIDIA GeForce RTX 3070 ,ASUS GeForce RTX 3070 LHR 8192Mb TUF GAMING V2 (TUF-RTX3070-8G-V2-GAMING),1637081422.9436605,105 990 ₽,https://www.onlinetrade.ru/catalogue/videokarty-c338//catalogue/videokarty-c338/asus/videokarta_asus_geforce_rtx_3070_lhr_8192mb_tuf_gaming_v2_tuf_rtx3070_8g_v2_gaming-2860821.html,True
onlinetrade,AMD Radeon RX 6700 XT ,ASUS GeForce RTX 3070 LHR 8192Mb TUF GAMING V2 (TUF-RTX3070-8G-V2-GAMING),1637081422.9436605,105 990 ₽,https://www.onlinetrade.ru/catalogue/videokarty-c338//catalogue/videokarty-c338/asus/videokarta_asus_geforce_rtx_3070_lhr_8192mb_tuf_gaming_v2_tuf_rtx3070_8g_v2_gaming-2860821.html,True
onlinetrade,AMD Radeon R5 230 ,ASUS GeForce RTX 3070 LHR 8192Mb TUF GAMING V2 (TUF-RTX3070-8G-V2-GAMING),1637081422.9436605,105 990 ₽,https://www.onlinetrade.ru/catalogue/videokarty-c338//catalogue/videokarty-c338/asus/videokarta_asus_geforce_rtx_3070_lhr_8192mb_tuf_gaming_v2_tuf_rtx3070_8g_v2_gaming-2860821.html,True
onlinetrade,NVIDIA GeForce RTX 3060 Ti ,ASUS GeForce RTX 3070 LHR 8192Mb TUF GAMING V2 (TUF-RTX3070-8G-V2-GAMING),1637081422.9436605,105 990 ₽,https://www.onlinetrade.ru/catalogue/videokarty-c338//catalogue/videokarty-c338/asus/videokarta_asus_geforce_rtx_3070_lhr_8192mb_tuf_gaming_v2_tuf_rtx3070_8g_v2_gaming-2860821.html,True
onlinetrade,NVIDIA GeForce GT 1030 ,ASUS GeForce RTX 3070 LHR 8192Mb TUF GAMING V2 (TUF-RTX3070-8G-V2-GAMING),1637081422.9436605,105 990 ₽,https://www.onlinetrade.ru/catalogue/videokarty-c338//catalogue/videokarty-c338/asus/videokarta_asus_geforce_rtx_3070_lhr_8192mb_tuf_gaming_v2_tuf_rtx3070_8g_v2_gaming-2860821.html,True
onlinetrade,NVIDIA Quadro P2000 ,ASUS GeForce RTX 3070 LHR 8192Mb TUF GAMING V2 (TUF-RTX3070-8G-V2-GAMING),1637081422.9436605,105 990 ₽,https://www.onlinetrade.ru/catalogue/videokarty-c338//catalogue/videokarty-c338/asus/videokarta_asus_geforce_rtx_3070_lhr_8192mb_tuf_gaming_v2_tuf_rtx3070_8g_v2_gaming-2860821.html,True
onlinetrade,NVIDIA Quadro P400 ,ASUS GeForce RTX 3070 LHR 8192Mb TUF GAMING V2 (TUF-RTX3070-8G-V2-GAMING),1637081422.9436605,105 990 ₽,https://www.onlinetrade.ru/catalogue/videokarty-c338//catalogue/videokarty-c338/asus/videokarta_asus_geforce_rtx_3070_lhr_8192mb_tuf_gaming_v2_tuf_rtx3070_8g_v2_gaming-2860821.html,True
onlinetrade,NVIDIA GeForce RTX 3070 ,ASUS GeForce RTX 3070 LHR 8192Mb TUF GAMING V2 (TUF-RTX3070-8G-V2-GAMING),1637081422.9436605,105 990 ₽,https://www.onlinetrade.ru/catalogue/videokarty-c338//catalogue/videokarty-c338/asus/videokarta_asus_geforce_rtx_3070_lhr_8192mb_tuf_gaming_v2_tuf_rtx3070_8g_v2_gaming-2860821.html,True
onlinetrade,NVIDIA GeForce RTX 3080 ,ASUS GeForce RTX 3070 LHR 8192Mb TUF GAMING V2 (TUF-RTX3070-8G-V2-GAMING),1637081422.9436605,105 990 ₽,https://www.onlinetrade.ru/catalogue/videokarty-c338//catalogue/videokarty-c338/asus/videokarta_asus_geforce_rtx_3070_lhr_8192mb_tuf_gaming_v2_tuf_rtx3070_8g_v2_gaming-2860821.html,True
onlinetrade,NVIDIA GeForce RTX 3060 Ti ,ASUS GeForce RTX 3070 LHR 8192Mb TUF GAMING V2 (TUF-RTX3070-8G-V2-GAMING),1637081422.9436605,105 990 ₽,https://www.onlinetrade.ru/catalogue/videokarty-c338//catalogue/videokarty-c338/asus/videokarta_asus_geforce_rtx_3070_lhr_8192mb_tuf_gaming_v2_tuf_rtx3070_8g_v2_gaming-2860821.html,True
onlinetrade,NVIDIA GeForce RTX 3070 ,ASUS GeForce RTX 3070 LHR 8192Mb TUF GAMING V2 (TUF-RTX3070-8G-V2-GAMING),1637081422.9436605,105 990 ₽,https://www.onlinetrade.ru/catalogue/videokarty-c338//catalogue/videokarty-c338/asus/videokarta_asus_geforce_rtx_3070_lhr_8192mb_tuf_gaming_v2_tuf_rtx3070_8g_v2_gaming-2860821.html,True
onlinetrade,NVIDIA GeForce RTX 3080 ,ASUS GeForce RTX 3070 LHR 8192Mb TUF GAMING V2 (TUF-RTX3070-8G-V2-GAMING),1637081422.9436605,105 990 ₽,https://www.onlinetrade.ru/catalogue/videokarty-c338//catalogue/videokarty-c338/asus/videokarta_asus_geforce_rtx_3070_lhr_8192mb_tuf_gaming_v2_tuf_rtx3070_8g_v2_gaming-2860821.html,True
onlinetrade,NVIDIA GeForce RTX 3070 Ti ,ASUS GeForce RTX 3070 LHR 8192Mb TUF GAMING V2 (TUF-RTX3070-8G-V2-GAMING),1637081422.9436605,105 990 ₽,https://www.onlinetrade.ru/catalogue/videokarty-c338//catalogue/videokarty-c338/asus/videokarta_asus_geforce_rtx_3070_lhr_8192mb_tuf_gaming_v2_tuf_rtx3070_8g_v2_gaming-2860821.html,True
onlinetrade,NVIDIA GeForce GT 740 ,ASUS GeForce RTX 3070 LHR 8192Mb TUF GAMING V2 (TUF-RTX3070-8G-V2-GAMING),1637081422.9436605,105 990 ₽,https://www.onlinetrade.ru/catalogue/videokarty-c338//catalogue/videokarty-c338/asus/videokarta_asus_geforce_rtx_3070_lhr_8192mb_tuf_gaming_v2_tuf_rtx3070_8g_v2_gaming-2860821.html,True
onlinetrade,NVIDIA GeForce RTX 3080 ,ASUS GeForce RTX 3070 LHR 8192Mb TUF GAMING V2 (TUF-RTX3070-8G-V2-GAMING),1637081422.9436605,105 990 ₽,https://www.onlinetrade.ru/catalogue/videokarty-c338//catalogue/videokarty-c338/asus/videokarta_asus_geforce_rtx_3070_lhr_8192mb_tuf_gaming_v2_tuf_rtx3070_8g_v2_gaming-2860821.html,True
onlinetrade,AMD Radeon RX 6900 XT ,ASUS GeForce RTX 3070 LHR 8192Mb TUF GAMING V2 (TUF-RTX3070-8G-V2-GAMING),1637081422.9436605,105 990 ₽,https://www.onlinetrade.ru/catalogue/videokarty-c338//catalogue/videokarty-c338/asus/videokarta_asus_geforce_rtx_3070_lhr_8192mb_tuf_gaming_v2_tuf_rtx3070_8g_v2_gaming-2860821.html,True
onlinetrade,NVIDIA GeForce RTX 3080 ,ASUS GeForce RTX 3070 LHR 8192Mb TUF GAMING V2 (TUF-RTX3070-8G-V2-GAMING),1637081422.9436605,105 990 ₽,https://www.onlinetrade.ru/catalogue/videokarty-c338//catalogue/videokarty-c338/asus/videokarta_asus_geforce_rtx_3070_lhr_8192mb_tuf_gaming_v2_tuf_rtx3070_8g_v2_gaming-2860821.html,True
onlinetrade,NVIDIA GeForce RTX 3060 ,ASUS GeForce RTX 3070 LHR 8192Mb TUF GAMING V2 (TUF-RTX3070-8G-V2-GAMING),1637081422.9436605,105 990 ₽,https://www.onlinetrade.ru/catalogue/videokarty-c338//catalogue/videokarty-c338/asus/videokarta_asus_geforce_rtx_3070_lhr_8192mb_tuf_gaming_v2_tuf_rtx3070_8g_v2_gaming-2860821.html,True
onlinetrade,NVIDIA GeForce GTX 1650 ,ASUS GeForce RTX 3070 LHR 8192Mb TUF GAMING V2 (TUF-RTX3070-8G-V2-GAMING),1637081422.9436605,105 990 ₽,https://www.onlinetrade.ru/catalogue/videokarty-c338//catalogue/videokarty-c338/asus/videokarta_asus_geforce_rtx_3070_lhr_8192mb_tuf_gaming_v2_tuf_rtx3070_8g_v2_gaming-2860821.html,True
onlinetrade,NVIDIA GeForce GT 730 ,PNY Quadro RTX 4000 PCI-E 3.0 8192 Mb 256 bit (VCQRTX4000-PB),1637081425.8573246,95 680 ₽,https://www.onlinetrade.ru/catalogue/videokarty-c338//catalogue/videokarty-c338/pny/videokarta_pny_quadro_rtx_4000_pci_e_3.0_8192_mb_256_bit_vcqrtx4000_pb-1781490.html,True
onlinetrade,NVIDIA GeForce GT 730 ,PNY Quadro RTX 4000 PCI-E 3.0 8192 Mb 256 bit (VCQRTX4000-PB),1637081425.8573246,95 680 ₽,https://www.onlinetrade.ru/catalogue/videokarty-c338//catalogue/videokarty-c338/pny/videokarta_pny_quadro_rtx_4000_pci_e_3.0_8192_mb_256_bit_vcqrtx4000_pb-1781490.html,True
onlinetrade,NVIDIA GeForce RTX 3060 Ti ,PNY Quadro RTX 4000 PCI-E 3.0 8192 Mb 256 bit (VCQRTX4000-PB),1637081425.8573246,95 680 ₽,https://www.onlinetrade.ru/catalogue/videokarty-c338//catalogue/videokarty-c338/pny/videokarta_pny_quadro_rtx_4000_pci_e_3.0_8192_mb_256_bit_vcqrtx4000_pb-1781490.html,True
onlinetrade,NVIDIA GeForce RTX 3080 ,PNY Quadro RTX 4000 PCI-E 3.0 8192 Mb 256 bit (VCQRTX4000-PB),1637081425.8573246,95 680 ₽,https://www.onlinetrade.ru/catalogue/videokarty-c338//catalogue/videokarty-c338/pny/videokarta_pny_quadro_rtx_4000_pci_e_3.0_8192_mb_256_bit_vcqrtx4000_pb-1781490.html,True
onlinetrade,NVIDIA GeForce RTX 3080 ,PNY Quadro RTX 4000 PCI-E 3.0 8192 Mb 256 bit (VCQRTX4000-PB),1637081425.8573246,95 680 ₽,https://www.onlinetrade.ru/catalogue/videokarty-c338//catalogue/videokarty-c338/pny/videokarta_pny_quadro_rtx_4000_pci_e_3.0_8192_mb_256_bit_vcqrtx4000_pb-1781490.html,True
onlinetrade,NVIDIA GeForce GT 730 ,PNY Quadro RTX 4000 PCI-E 3.0 8192 Mb 256 bit (VCQRTX4000-PB),1637081425.8573246,95 680 ₽,https://www.onlinetrade.ru/catalogue/videokarty-c338//catalogue/videokarty-c338/pny/videokarta_pny_quadro_rtx_4000_pci_e_3.0_8192_mb_256_bit_vcqrtx4000_pb-1781490.html,True
onlinetrade,NVIDIA GeForce RTX 2060 ,PNY Quadro RTX 4000 PCI-E 3.0 8192 Mb 256 bit (VCQRTX4000-PB),1637081425.8573246,95 680 ₽,https://www.onlinetrade.ru/catalogue/videokarty-c338//catalogue/videokarty-c338/pny/videokarta_pny_quadro_rtx_4000_pci_e_3.0_8192_mb_256_bit_vcqrtx4000_pb-1781490.html,True
onlinetrade,NVIDIA GeForce RTX 3080 ,PNY Quadro RTX 4000 PCI-E 3.0 8192 Mb 256 bit (VCQRTX4000-PB),1637081425.8573246,95 680 ₽,https://www.onlinetrade.ru/catalogue/videokarty-c338//catalogue/videokarty-c338/pny/videokarta_pny_quadro_rtx_4000_pci_e_3.0_8192_mb_256_bit_vcqrtx4000_pb-1781490.html,True
onlinetrade,NVIDIA GeForce RTX 3090 ,PNY Quadro RTX 4000 PCI-E 3.0 8192 Mb 256 bit (VCQRTX4000-PB),1637081425.8573246,95 680 ₽,https://www.onlinetrade.ru/catalogue/videokarty-c338//catalogue/videokarty-c338/pny/videokarta_pny_quadro_rtx_4000_pci_e_3.0_8192_mb_256_bit_vcqrtx4000_pb-1781490.html,True
onlinetrade,NVIDIA GeForce RTX 3080 Ti ,PNY Quadro RTX 4000 PCI-E 3.0 8192 Mb 256 bit (VCQRTX4000-PB),1637081425.8573246,95 680 ₽,https://www.onlinetrade.ru/catalogue/videokarty-c338//catalogue/videokarty-c338/pny/videokarta_pny_quadro_rtx_4000_pci_e_3.0_8192_mb_256_bit_vcqrtx4000_pb-1781490.html,True
onlinetrade,NVIDIA GeForce GTX 1050 Ti ,PNY Quadro RTX 4000 PCI-E 3.0 8192 Mb 256 bit (VCQRTX4000-PB),1637081425.8573246,95 680 ₽,https://www.onlinetrade.ru/catalogue/videokarty-c338//catalogue/videokarty-c338/pny/videokarta_pny_quadro_rtx_4000_pci_e_3.0_8192_mb_256_bit_vcqrtx4000_pb-1781490.html,True
onlinetrade,NVIDIA GeForce RTX 3060 Ti ,PNY Quadro RTX 4000 PCI-E 3.0 8192 Mb 256 bit (VCQRTX4000-PB),1637081425.8573246,95 680 ₽,https://www.onlinetrade.ru/catalogue/videokarty-c338//catalogue/videokarty-c338/pny/videokarta_pny_quadro_rtx_4000_pci_e_3.0_8192_mb_256_bit_vcqrtx4000_pb-1781490.html,True
onlinetrade,NVIDIA T400 ,PNY Quadro RTX 4000 PCI-E 3.0 8192 Mb 256 bit (VCQRTX4000-PB),1637081425.8573246,95 680 ₽,https://www.onlinetrade.ru/catalogue/videokarty-c338//catalogue/videokarty-c338/pny/videokarta_pny_quadro_rtx_4000_pci_e_3.0_8192_mb_256_bit_vcqrtx4000_pb-1781490.html,True
onlinetrade,NVIDIA GeForce GTX 1650 ,ASUS GeForce GT 730 902Mhz PCI-E 2.0 2048Mb 5010Mhz 64 bit DVI HDMI HDCP Silent (GT730-SL-2GD5-BRK),1637081427.0200844,7 320 ₽,https://www.onlinetrade.ru/catalogue/videokarty-c338//catalogue/videokarty-c338/asus/videokarta_asus_geforce_gt_730_902mhz_pci_e_2.0_2048mb_5010mhz_64_bit_dvi_hdmi_hdcp_silent_gt730_sl_2gd5_brk-744377.html,True
onlinetrade,NVIDIA GeForce GTX 1050 Ti ,ASUS GeForce GT 730 902Mhz PCI-E 2.0 2048Mb 5010Mhz 64 bit DVI HDMI HDCP Silent (GT730-SL-2GD5-BRK),1637081427.0200844,7 320 ₽,https://www.onlinetrade.ru/catalogue/videokarty-c338//catalogue/videokarty-c338/asus/videokarta_asus_geforce_gt_730_902mhz_pci_e_2.0_2048mb_5010mhz_64_bit_dvi_hdmi_hdcp_silent_gt730_sl_2gd5_brk-744377.html,True
onlinetrade,NVIDIA T400 ,ASUS GeForce GT 730 902Mhz PCI-E 2.0 2048Mb 5010Mhz 64 bit DVI HDMI HDCP Silent (GT730-SL-2GD5-BRK),1637081427.0200844,7 320 ₽,https://www.onlinetrade.ru/catalogue/videokarty-c338//catalogue/videokarty-c338/asus/videokarta_asus_geforce_gt_730_902mhz_pci_e_2.0_2048mb_5010mhz_64_bit_dvi_hdmi_hdcp_silent_gt730_sl_2gd5_brk-744377.html,True
onlinetrade,AMD Radeon RX 6900 XT ,ASUS GeForce GT 730 902Mhz PCI-E 2.0 2048Mb 5010Mhz 64 bit DVI HDMI HDCP Silent (GT730-SL-2GD5-BRK),1637081427.0200844,7 320 ₽,https://www.onlinetrade.ru/catalogue/videokarty-c338//catalogue/videokarty-c338/asus/videokarta_asus_geforce_gt_730_902mhz_pci_e_2.0_2048mb_5010mhz_64_bit_dvi_hdmi_hdcp_silent_gt730_sl_2gd5_brk-744377.html,True
onlinetrade,NVIDIA Quadro RTX4000 ,ASUS GeForce GT 730 902Mhz PCI-E 2.0 2048Mb 5010Mhz 64 bit DVI HDMI HDCP Silent (GT730-SL-2GD5-BRK),1637081427.0200844,7 320 ₽,https://www.onlinetrade.ru/catalogue/videokarty-c338//catalogue/videokarty-c338/asus/videokarta_asus_geforce_gt_730_902mhz_pci_e_2.0_2048mb_5010mhz_64_bit_dvi_hdmi_hdcp_silent_gt730_sl_2gd5_brk-744377.html,True
onlinetrade,NVIDIA GeForce GT 730 ,ASUS GeForce GT 730 902Mhz PCI-E 2.0 2048Mb 5010Mhz 64 bit DVI HDMI HDCP Silent (GT730-SL-2GD5-BRK),1637081427.0200844,7 320 ₽,https://www.onlinetrade.ru/catalogue/videokarty-c338//catalogue/videokarty-c338/asus/videokarta_asus_geforce_gt_730_902mhz_pci_e_2.0_2048mb_5010mhz_64_bit_dvi_hdmi_hdcp_silent_gt730_sl_2gd5_brk-744377.html,True
onlinetrade,NVIDIA Quadro RTX4000 ,ASUS GeForce GT 730 902Mhz PCI-E 2.0 2048Mb 5010Mhz 64 bit DVI HDMI HDCP Silent (GT730-SL-2GD5-BRK),1637081427.0200844,7 320 ₽,https://www.onlinetrade.ru/catalogue/videokarty-c338//catalogue/videokarty-c338/asus/videokarta_asus_geforce_gt_730_902mhz_pci_e_2.0_2048mb_5010mhz_64_bit_dvi_hdmi_hdcp_silent_gt730_sl_2gd5_brk-744377.html,True
onlinetrade,AMD Radeon R5 230 ,ASUS GeForce GT 730 902Mhz PCI-E 2.0 2048Mb 5010Mhz 64 bit DVI HDMI HDCP Silent (GT730-SL-2GD5-BRK),1637081427.0200844,7 320 ₽,https://www.onlinetrade.ru/catalogue/videokarty-c338//catalogue/videokarty-c338/asus/videokarta_asus_geforce_gt_730_902mhz_pci_e_2.0_2048mb_5010mhz_64_bit_dvi_hdmi_hdcp_silent_gt730_sl_2gd5_brk-744377.html,True
onlinetrade,NVIDIA GeForce RTX 3080 ,ASUS GeForce GT 730 902Mhz PCI-E 2.0 2048Mb 5010Mhz 64 bit DVI HDMI HDCP Silent (GT730-SL-2GD5-BRK),1637081427.0200844,7 320 ₽,https://www.onlinetrade.ru/catalogue/videokarty-c338//catalogue/videokarty-c338/asus/videokarta_asus_geforce_gt_730_902mhz_pci_e_2.0_2048mb_5010mhz_64_bit_dvi_hdmi_hdcp_silent_gt730_sl_2gd5_brk-744377.html,True
onlinetrade,AMD Radeon R5 230 ,ASUS GeForce GT 730 902Mhz PCI-E 2.0 2048Mb 5010Mhz 64 bit DVI HDMI HDCP Silent (GT730-SL-2GD5-BRK),1637081427.0200844,7 320 ₽,https://www.onlinetrade.ru/catalogue/videokarty-c338//catalogue/videokarty-c338/asus/videokarta_asus_geforce_gt_730_902mhz_pci_e_2.0_2048mb_5010mhz_64_bit_dvi_hdmi_hdcp_silent_gt730_sl_2gd5_brk-744377.html,True
onlinetrade,NVIDIA GeForce GTX 1660 ,ASUS GeForce GT 730 902Mhz PCI-E 2.0 2048Mb 5010Mhz 64 bit DVI HDMI HDCP Silent (GT730-SL-2GD5-BRK),1637081427.0200844,7 320 ₽,https://www.onlinetrade.ru/catalogue/videokarty-c338//catalogue/videokarty-c338/asus/videokarta_asus_geforce_gt_730_902mhz_pci_e_2.0_2048mb_5010mhz_64_bit_dvi_hdmi_hdcp_silent_gt730_sl_2gd5_brk-744377.html,True
onlinetrade,NVIDIA GeForce RTX 3080 ,ASUS GeForce GT 730 902Mhz PCI-E 2.0 2048Mb 5010Mhz 64 bit DVI HDMI HDCP Silent (GT730-SL-2GD5-BRK),1637081427.0200844,7 320 ₽,https://www.onlinetrade.ru/catalogue/videokarty-c338//catalogue/videokarty-c338/asus/videokarta_asus_geforce_gt_730_902mhz_pci_e_2.0_2048mb_5010mhz_64_bit_dvi_hdmi_hdcp_silent_gt730_sl_2gd5_brk-744377.html,True
onlinetrade,NVIDIA GeForce GTX 1050 Ti ,ASUS GeForce GT 730 902Mhz PCI-E 2.0 2048Mb 5010Mhz 64 bit DVI HDMI HDCP Silent (GT730-SL-2GD5-BRK),1637081427.0200844,7 320 ₽,https://www.onlinetrade.ru/catalogue/videokarty-c338//catalogue/videokarty-c338/asus/videokarta_asus_geforce_gt_730_902mhz_pci_e_2.0_2048mb_5010mhz_64_bit_dvi_hdmi_hdcp_silent_gt730_sl_2gd5_brk-744377.html,True
onlinetrade,NVIDIA GeForce GTX 1050 Ti ,ASUS GeForce GT 730 902Mhz PCI-E 2.0 2048Mb 5010Mhz 64 bit DVI HDMI HDCP Silent (GT730-SL-2GD5-BRK),1637081427.0200844,7 320 ₽,https://www.onlinetrade.ru/catalogue/videokarty-c338//catalogue/videokarty-c338/asus/videokarta_asus_geforce_gt_730_902mhz_pci_e_2.0_2048mb_5010mhz_64_bit_dvi_hdmi_hdcp_silent_gt730_sl_2gd5_brk-744377.html,True
onlinetrade,NVIDIA GeForce GT 730 ,ASUS GeForce GT 730 902Mhz PCI-E 2.0 2048Mb 5010Mhz 64 bit DVI HDMI HDCP Silent (GT730-SL-2GD5-BRK),1637081427.0200844,7 320 ₽,https://www.onlinetrade.ru/catalogue/videokarty-c338//catalogue/videokarty-c338/asus/videokarta_asus_geforce_gt_730_902mhz_pci_e_2.0_2048mb_5010mhz_64_bit_dvi_hdmi_hdcp_silent_gt730_sl_2gd5_brk-744377.html,True
onlinetrade,NVIDIA GeForce GT 730 ,ASUS GeForce GT 730 902Mhz PCI-E 2.0 2048Mb 5010Mhz 64 bit DVI HDMI HDCP Silent (GT730-SL-2GD5-BRK),1637081427.0200844,7 320 ₽,https://www.onlinetrade.ru/catalogue/videokarty-c338//catalogue/videokarty-c338/asus/videokarta_asus_geforce_gt_730_902mhz_pci_e_2.0_2048mb_5010mhz_64_bit_dvi_hdmi_hdcp_silent_gt730_sl_2gd5_brk-744377.html,True
onlinetrade,NVIDIA GeForce GTX 1050 Ti ,ASUS GeForce GT 730 902Mhz PCI-E 2.0 2048Mb 5010Mhz 64 bit DVI HDMI HDCP Silent (GT730-SL-2GD5-BRK),1637081427.0200844,7 320 ₽,https://www.onlinetrade.ru/catalogue/videokarty-c338//catalogue/videokarty-c338/asus/videokarta_asus_geforce_gt_730_902mhz_pci_e_2.0_2048mb_5010mhz_64_bit_dvi_hdmi_hdcp_silent_gt730_sl_2gd5_brk-744377.html,True
onlinetrade,AMD Radeon RX 5500 XT ,ASUS GeForce GT 730 902Mhz PCI-E 2.0 2048Mb 5010Mhz 64 bit DVI HDMI HDCP Silent (GT730-SL-2GD5-BRK),1637081427.0200844,7 320 ₽,https://www.onlinetrade.ru/catalogue/videokarty-c338//catalogue/videokarty-c338/asus/videokarta_asus_geforce_gt_730_902mhz_pci_e_2.0_2048mb_5010mhz_64_bit_dvi_hdmi_hdcp_silent_gt730_sl_2gd5_brk-744377.html,True
onlinetrade,NVIDIA GeForce RTX 3090 ,ASUS GeForce GT 730 902Mhz PCI-E 2.0 2048Mb 5010Mhz 64 bit DVI HDMI HDCP Silent (GT730-SL-2GD5-BRK),1637081427.0200844,7 320 ₽,https://www.onlinetrade.ru/catalogue/videokarty-c338//catalogue/videokarty-c338/asus/videokarta_asus_geforce_gt_730_902mhz_pci_e_2.0_2048mb_5010mhz_64_bit_dvi_hdmi_hdcp_silent_gt730_sl_2gd5_brk-744377.html,True
onlinetrade,NVIDIA T400 ,ASUS GeForce GT 730 902Mhz PCI-E 2.0 2048Mb 5010Mhz 64 bit DVI HDMI HDCP Silent (GT730-SL-2GD5-BRK),1637081427.0200844,7 320 ₽,https://www.onlinetrade.ru/catalogue/videokarty-c338//catalogue/videokarty-c338/asus/videokarta_asus_geforce_gt_730_902mhz_pci_e_2.0_2048mb_5010mhz_64_bit_dvi_hdmi_hdcp_silent_gt730_sl_2gd5_brk-744377.html,True
onlinetrade,AMD Radeon RX 560 ,ASUS GeForce GT 730 902Mhz PCI-E 2.0 2048Mb 5010Mhz 64 bit DVI HDMI HDCP Silent (GT730-SL-2GD5-BRK),1637081427.0200844,7 320 ₽,https://www.onlinetrade.ru/catalogue/videokarty-c338//catalogue/videokarty-c338/asus/videokarta_asus_geforce_gt_730_902mhz_pci_e_2.0_2048mb_5010mhz_64_bit_dvi_hdmi_hdcp_silent_gt730_sl_2gd5_brk-744377.html,True
onlinetrade,AMD Radeon RX 6900 XT ,ASUS GeForce GT 730 902Mhz PCI-E 2.0 2048Mb 5010Mhz 64 bit DVI HDMI HDCP Silent (GT730-SL-2GD5-BRK),1637081427.0200844,7 320 ₽,https://www.onlinetrade.ru/catalogue/videokarty-c338//catalogue/videokarty-c338/asus/videokarta_asus_geforce_gt_730_902mhz_pci_e_2.0_2048mb_5010mhz_64_bit_dvi_hdmi_hdcp_silent_gt730_sl_2gd5_brk-744377.html,True
onlinetrade,NVIDIA GeForce GT 730 ,ASUS GeForce GT 730 902Mhz PCI-E 2.0 2048Mb 5010Mhz 64 bit DVI HDMI HDCP Silent (GT730-SL-2GD5-BRK),1637081427.0200844,7 320 ₽,https://www.onlinetrade.ru/catalogue/videokarty-c338//catalogue/videokarty-c338/asus/videokarta_asus_geforce_gt_730_902mhz_pci_e_2.0_2048mb_5010mhz_64_bit_dvi_hdmi_hdcp_silent_gt730_sl_2gd5_brk-744377.html,True
onlinetrade,NVIDIA GeForce RTX 3060 ,ASUS GeForce GT 730 902Mhz PCI-E 2.0 2048Mb 5010Mhz 64 bit DVI HDMI HDCP Silent (GT730-SL-2GD5-BRK),1637081427.0200844,7 320 ₽,https://www.onlinetrade.ru/catalogue/videokarty-c338//catalogue/videokarty-c338/asus/videokarta_asus_geforce_gt_730_902mhz_pci_e_2.0_2048mb_5010mhz_64_bit_dvi_hdmi_hdcp_silent_gt730_sl_2gd5_brk-744377.html,True
onlinetrade,NVIDIA Quadro RTX4000 ,ASUS GeForce GT 730 902Mhz PCI-E 2.0 2048Mb 5010Mhz 64 bit DVI HDMI HDCP Silent (GT730-SL-2GD5-BRK),1637081427.0200844,7 320 ₽,https://www.onlinetrade.ru/catalogue/videokarty-c338//catalogue/videokarty-c338/asus/videokarta_asus_geforce_gt_730_902mhz_pci_e_2.0_2048mb_5010mhz_64_bit_dvi_hdmi_hdcp_silent_gt730_sl_2gd5_brk-744377.html,True
onlinetrade,NVIDIA Quadro T1000 ,PNY Quadro RTX 8000 49152Mb VCQRTX8000-BSP OEM,1637081429.937338,581 600 ₽,https://www.onlinetrade.ru/catalogue/videokarty-c338//catalogue/videokarty-c338/pny/videokarta_pny_quadro_rtx_8000_49152mb_vcqrtx8000_bsp_oem-2125396.html,True
onlinetrade,AMD Radeon RX 6900 XT ,PNY Quadro RTX 8000 49152Mb VCQRTX8000-BSP OEM,1637081429.937338,581 600 ₽,https://www.onlinetrade.ru/catalogue/videokarty-c338//catalogue/videokarty-c338/pny/videokarta_pny_quadro_rtx_8000_49152mb_vcqrtx8000_bsp_oem-2125396.html,True
onlinetrade,NVIDIA Quadro P620 ,PNY GeForce RTX A6000 49152Mb (VCNRTXA6000-SB),1637081429.9967477,541 200 ₽,https://www.onlinetrade.ru/catalogue/videokarty-c338//catalogue/videokarty-c338/pny/videokarta_pny_geforce_rtx_a6000_49152mb_vcnrtxa6000_sb-2386410.html,True
onlinetrade,NVIDIA GeForce GTX 1650 Super ,PNY GeForce RTX A6000 49152Mb (VCNRTXA6000-SB),1637081429.9967477,541 200 ₽,https://www.onlinetrade.ru/catalogue/videokarty-c338//catalogue/videokarty-c338/pny/videokarta_pny_geforce_rtx_a6000_49152mb_vcnrtxa6000_sb-2386410.html,True
onlinetrade,NVIDIA GeForce GT 730 ,PNY Quadro P400 2048Mb VCQP400V2BLK-1,1637081430.3502948,12 600 ₽,https://www.onlinetrade.ru/catalogue/videokarty-c338//catalogue/videokarty-c338/pny/videokarta_pny_quadro_p400_2048mb_vcqp400v2blk_1-2095340.html,True
onlinetrade,NVIDIA Quadro T600 ,PNY Quadro P400 2048Mb VCQP400V2BLK-1,1637081430.3502948,12 600 ₽,https://www.onlinetrade.ru/catalogue/videokarty-c338//catalogue/videokarty-c338/pny/videokarta_pny_quadro_p400_2048mb_vcqp400v2blk_1-2095340.html,True
onlinetrade,NVIDIA GeForce RTX 3090 ,SINOTEX Radeon RX 550 2048Mb Ninja (AJRX55045F),1637081430.9345324,16 800 ₽,https://www.onlinetrade.ru/catalogue/videokarty-c338//catalogue/videokarty-c338/sinotex/videokarta_sinotex_radeon_rx_550_2048mb_ninja_ajrx55045f-2816280.html,True
onlinetrade,NVIDIA GeForce RTX 3060 Ti ,SINOTEX Radeon RX 550 2048Mb Ninja (AJRX55045F),1637081430.9345324,16 800 ₽,https://www.onlinetrade.ru/catalogue/videokarty-c338//catalogue/videokarty-c338/sinotex/videokarta_sinotex_radeon_rx_550_2048mb_ninja_ajrx55045f-2816280.html,True
onlinetrade,AMD Radeon RX 6600 ,SINOTEX Radeon RX 550 2048Mb Ninja (AJRX55045F),1637081430.9345324,16 800 ₽,https://www.onlinetrade.ru/catalogue/videokarty-c338//catalogue/videokarty-c338/sinotex/videokarta_sinotex_radeon_rx_550_2048mb_ninja_ajrx55045f-2816280.html,True
onlinetrade,NVIDIA GeForce RTX 3060 Ti ,SINOTEX Radeon RX 550 2048Mb Ninja (AJRX55045F),1637081430.9345324,16 800 ₽,https://www.onlinetrade.ru/catalogue/videokarty-c338//catalogue/videokarty-c338/sinotex/videokarta_sinotex_radeon_rx_550_2048mb_ninja_ajrx55045f-2816280.html,True
onlinetrade,NVIDIA GeForce GT 730 ,SINOTEX Radeon RX 550 2048Mb Ninja (AJRX55045F),1637081430.9345324,16 800 ₽,https://www.onlinetrade.ru/catalogue/videokarty-c338//catalogue/videokarty-c338/sinotex/videokarta_sinotex_radeon_rx_550_2048mb_ninja_ajrx55045f-2816280.html,True
onlinetrade,NVIDIA GeForce RTX 3060 ,SINOTEX Radeon RX 550 2048Mb Ninja (AJRX55045F),1637081430.9345324,16 800 ₽,https://www.onlinetrade.ru/catalogue/videokarty-c338//catalogue/videokarty-c338/sinotex/videokarta_sinotex_radeon_rx_550_2048mb_ninja_ajrx55045f-2816280.html,True
onlinetrade,NVIDIA GeForce GTX 1650 ,SINOTEX Radeon RX 550 2048Mb Ninja (AJRX55045F),1637081430.9345324,16 800 ₽,https://www.onlinetrade.ru/catalogue/videokarty-c338//catalogue/videokarty-c338/sinotex/videokarta_sinotex_radeon_rx_550_2048mb_ninja_ajrx55045f-2816280.html,True
onlinetrade,NVIDIA GeForce RTX 3080 Ti ,SINOTEX Radeon RX 550 2048Mb Ninja (AJRX55045F),1637081430.9345324,16 800 ₽,https://www.onlinetrade.ru/catalogue/videokarty-c338//catalogue/videokarty-c338/sinotex/videokarta_sinotex_radeon_rx_550_2048mb_ninja_ajrx55045f-2816280.html,True
onlinetrade,NVIDIA GeForce GTX 1650 ,SINOTEX Radeon RX 550 2048Mb Ninja (AJRX55045F),1637081430.9345324,16 800 ₽,https://www.onlinetrade.ru/catalogue/videokarty-c338//catalogue/videokarty-c338/sinotex/videokarta_sinotex_radeon_rx_550_2048mb_ninja_ajrx55045f-2816280.html,True
onlinetrade,NVIDIA Quadro RTX5000 ,SINOTEX Radeon RX 550 2048Mb Ninja (AJRX55045F),1637081430.9345324,16 800 ₽,https://www.onlinetrade.ru/catalogue/videokarty-c338//catalogue/videokarty-c338/sinotex/videokarta_sinotex_radeon_rx_550_2048mb_ninja_ajrx55045f-2816280.html,True
onlinetrade,AMD Radeon RX 6900 XT ,SINOTEX Radeon RX 550 2048Mb Ninja (AJRX55045F),1637081430.9345324,16 800 ₽,https://www.onlinetrade.ru/catalogue/videokarty-c338//catalogue/videokarty-c338/sinotex/videokarta_sinotex_radeon_rx_550_2048mb_ninja_ajrx55045f-2816280.html,True
onlinetrade,NVIDIA Quadro RTX6000 ,SINOTEX Radeon RX 550 2048Mb Ninja (AJRX55045F),1637081430.9345324,16 800 ₽,https://www.onlinetrade.ru/catalogue/videokarty-c338//catalogue/videokarty-c338/sinotex/videokarta_sinotex_radeon_rx_550_2048mb_ninja_ajrx55045f-2816280.html,True
onlinetrade,NVIDIA Quadro P400 ,ASROCK Radeon RX 6600 8192Mb Challenger ITX (RX6600 CLI 8G),1637081432.277175,65 990 ₽,https://www.onlinetrade.ru/catalogue/videokarty-c338//catalogue/videokarty-c338/asrock/videokarta_asrock_radeon_rx_6600_8192mb_challenger_itx_rx6600_cli_8g-2883416.html,True
onlinetrade,Atlas ,ASROCK Radeon RX 6600 8192Mb Challenger ITX (RX6600 CLI 8G),1637081432.277175,65 990 ₽,https://www.onlinetrade.ru/catalogue/videokarty-c338//catalogue/videokarty-c338/asrock/videokarta_asrock_radeon_rx_6600_8192mb_challenger_itx_rx6600_cli_8g-2883416.html,True
onlinetrade,NVIDIA GeForce GTX 1660 ,ASROCK Radeon RX 6600 8192Mb Challenger ITX (RX6600 CLI 8G),1637081432.277175,65 990 ₽,https://www.onlinetrade.ru/catalogue/videokarty-c338//catalogue/videokarty-c338/asrock/videokarta_asrock_radeon_rx_6600_8192mb_challenger_itx_rx6600_cli_8g-2883416.html,True
onlinetrade,M9128 ,ASROCK Radeon RX 6600 8192Mb Challenger ITX (RX6600 CLI 8G),1637081432.277175,65 990 ₽,https://www.onlinetrade.ru/catalogue/videokarty-c338//catalogue/videokarty-c338/asrock/videokarta_asrock_radeon_rx_6600_8192mb_challenger_itx_rx6600_cli_8g-2883416.html,True
onlinetrade,AMD Radeon RX 560 ,ASROCK Radeon RX 6600 8192Mb Challenger ITX (RX6600 CLI 8G),1637081432.277175,65 990 ₽,https://www.onlinetrade.ru/catalogue/videokarty-c338//catalogue/videokarty-c338/asrock/videokarta_asrock_radeon_rx_6600_8192mb_challenger_itx_rx6600_cli_8g-2883416.html,True
onlinetrade,AMD Radeon RX 550 ,ASROCK Radeon RX 6600 8192Mb Challenger ITX (RX6600 CLI 8G),1637081432.277175,65 990 ₽,https://www.onlinetrade.ru/catalogue/videokarty-c338//catalogue/videokarty-c338/asrock/videokarta_asrock_radeon_rx_6600_8192mb_challenger_itx_rx6600_cli_8g-2883416.html,True
onlinetrade,AMD Radeon RX 6900 XT ,ASROCK Radeon RX 6600 8192Mb Challenger ITX (RX6600 CLI 8G),1637081432.277175,65 990 ₽,https://www.onlinetrade.ru/catalogue/videokarty-c338//catalogue/videokarty-c338/asrock/videokarta_asrock_radeon_rx_6600_8192mb_challenger_itx_rx6600_cli_8g-2883416.html,True
onlinetrade,AMD Radeon R7 350 ,ASROCK Radeon RX 6600 8192Mb Challenger ITX (RX6600 CLI 8G),1637081432.277175,65 990 ₽,https://www.onlinetrade.ru/catalogue/videokarty-c338//catalogue/videokarty-c338/asrock/videokarta_asrock_radeon_rx_6600_8192mb_challenger_itx_rx6600_cli_8g-2883416.html,True
onlinetrade,NVIDIA GeForce GTX 1070 ,ASROCK Radeon RX 6600 8192Mb Challenger ITX (RX6600 CLI 8G),1637081432.277175,65 990 ₽,https://www.onlinetrade.ru/catalogue/videokarty-c338//catalogue/videokarty-c338/asrock/videokarta_asrock_radeon_rx_6600_8192mb_challenger_itx_rx6600_cli_8g-2883416.html,True
onlinetrade,NVIDIA GeForce RTX 3070 ,ASROCK Radeon RX 6600 8192Mb Challenger ITX (RX6600 CLI 8G),1637081432.277175,65 990 ₽,https://www.onlinetrade.ru/catalogue/videokarty-c338//catalogue/videokarty-c338/asrock/videokarta_asrock_radeon_rx_6600_8192mb_challenger_itx_rx6600_cli_8g-2883416.html,True
onlinetrade,AMD Radeon RX 580 ,ASROCK Radeon RX 6600 8192Mb Challenger ITX (RX6600 CLI 8G),1637081432.277175,65 990 ₽,https://www.onlinetrade.ru/catalogue/videokarty-c338//catalogue/videokarty-c338/asrock/videokarta_asrock_radeon_rx_6600_8192mb_challenger_itx_rx6600_cli_8g-2883416.html,True
onlinetrade,NVIDIA Quadro T1000 ,ASROCK Radeon RX 6600 8192Mb Challenger ITX (RX6600 CLI 8G),1637081432.277175,65 990 ₽,https://www.onlinetrade.ru/catalogue/videokarty-c338//catalogue/videokarty-c338/asrock/videokarta_asrock_radeon_rx_6600_8192mb_challenger_itx_rx6600_cli_8g-2883416.html,True
onlinetrade,NVIDIA GeForce RTX 3070 ,ASROCK Radeon RX 6600 8192Mb Challenger ITX (RX6600 CLI 8G),1637081432.277175,65 990 ₽,https://www.onlinetrade.ru/catalogue/videokarty-c338//catalogue/videokarty-c338/asrock/videokarta_asrock_radeon_rx_6600_8192mb_challenger_itx_rx6600_cli_8g-2883416.html,True
onlinetrade,NVIDIA Quadro T1000 ,ASROCK Radeon RX 6600 8192Mb Challenger ITX (RX6600 CLI 8G),1637081432.277175,65 990 ₽,https://www.onlinetrade.ru/catalogue/videokarty-c338//catalogue/videokarty-c338/asrock/videokarta_asrock_radeon_rx_6600_8192mb_challenger_itx_rx6600_cli_8g-2883416.html,True
onlinetrade,NVIDIA GeForce RTX 3080 ,ASROCK Radeon RX 6600 8192Mb Challenger ITX (RX6600 CLI 8G),1637081432.277175,65 990 ₽,https://www.onlinetrade.ru/catalogue/videokarty-c338//catalogue/videokarty-c338/asrock/videokarta_asrock_radeon_rx_6600_8192mb_challenger_itx_rx6600_cli_8g-2883416.html,True
onlinetrade,NVIDIA T400 ,ASROCK Radeon RX 6600 8192Mb Challenger ITX (RX6600 CLI 8G),1637081432.277175,65 990 ₽,https://www.onlinetrade.ru/catalogue/videokarty-c338//catalogue/videokarty-c338/asrock/videokarta_asrock_radeon_rx_6600_8192mb_challenger_itx_rx6600_cli_8g-2883416.html,True
onlinetrade,AMD Radeon RX 6600 ,ASROCK Radeon RX 6600 8192Mb Challenger ITX (RX6600 CLI 8G),1637081432.277175,65 990 ₽,https://www.onlinetrade.ru/catalogue/videokarty-c338//catalogue/videokarty-c338/asrock/videokarta_asrock_radeon_rx_6600_8192mb_challenger_itx_rx6600_cli_8g-2883416.html,True
onlinetrade,NVIDIA GeForce GT 1030 ,ASROCK Radeon RX 6600 8192Mb Challenger ITX (RX6600 CLI 8G),1637081432.277175,65 990 ₽,https://www.onlinetrade.ru/catalogue/videokarty-c338//catalogue/videokarty-c338/asrock/videokarta_asrock_radeon_rx_6600_8192mb_challenger_itx_rx6600_cli_8g-2883416.html,True
onlinetrade,AMD Radeon Pro W6800 ,ASROCK Radeon RX 6600 8192Mb Challenger ITX (RX6600 CLI 8G),1637081432.277175,65 990 ₽,https://www.onlinetrade.ru/catalogue/videokarty-c338//catalogue/videokarty-c338/asrock/videokarta_asrock_radeon_rx_6600_8192mb_challenger_itx_rx6600_cli_8g-2883416.html,True
onlinetrade,AMD Radeon RX 6900 XT ,ASROCK Radeon RX 6600 8192Mb Challenger ITX (RX6600 CLI 8G),1637081432.277175,65 990 ₽,https://www.onlinetrade.ru/catalogue/videokarty-c338//catalogue/videokarty-c338/asrock/videokarta_asrock_radeon_rx_6600_8192mb_challenger_itx_rx6600_cli_8g-2883416.html,True
onlinetrade,NVIDIA T400 ,ASROCK Radeon RX 6600 8192Mb Challenger ITX (RX6600 CLI 8G),1637081432.277175,65 990 ₽,https://www.onlinetrade.ru/catalogue/videokarty-c338//catalogue/videokarty-c338/asrock/videokarta_asrock_radeon_rx_6600_8192mb_challenger_itx_rx6600_cli_8g-2883416.html,True
onlinetrade,NVIDIA Quadro T1000 ,ASROCK Radeon RX 6600 8192Mb Challenger ITX (RX6600 CLI 8G),1637081432.277175,65 990 ₽,https://www.onlinetrade.ru/catalogue/videokarty-c338//catalogue/videokarty-c338/asrock/videokarta_asrock_radeon_rx_6600_8192mb_challenger_itx_rx6600_cli_8g-2883416.html,True
onlinetrade,NVIDIA Quadro RTX6000 ,ASROCK Radeon RX 6600 8192Mb Challenger ITX (RX6600 CLI 8G),1637081432.277175,65 990 ₽,https://www.onlinetrade.ru/catalogue/videokarty-c338//catalogue/videokarty-c338/asrock/videokarta_asrock_radeon_rx_6600_8192mb_challenger_itx_rx6600_cli_8g-2883416.html,True
onlinetrade,AMD Radeon RX 580 ,ASROCK Radeon RX 6600 8192Mb Challenger ITX (RX6600 CLI 8G),1637081432.277175,65 990 ₽,https://www.onlinetrade.ru/catalogue/videokarty-c338//catalogue/videokarty-c338/asrock/videokarta_asrock_radeon_rx_6600_8192mb_challenger_itx_rx6600_cli_8g-2883416.html,True
onlinetrade,NVIDIA GeForce RTX 3070 Ti ,ASROCK Radeon RX 6600 8192Mb Challenger ITX (RX6600 CLI 8G),1637081432.277175,65 990 ₽,https://www.onlinetrade.ru/catalogue/videokarty-c338//catalogue/videokarty-c338/asrock/videokarta_asrock_radeon_rx_6600_8192mb_challenger_itx_rx6600_cli_8g-2883416.html,True
onlinetrade,NVIDIA GeForce GTX 1060 ,ASROCK Radeon RX 6600 8192Mb Challenger ITX (RX6600 CLI 8G),1637081432.277175,65 990 ₽,https://www.onlinetrade.ru/catalogue/videokarty-c338//catalogue/videokarty-c338/asrock/videokarta_asrock_radeon_rx_6600_8192mb_challenger_itx_rx6600_cli_8g-2883416.html,True
onlinetrade,NVIDIA GeForce GTX 1660 Super ,MSI GeForce RTX 3070 LHR 8192Mb TWIN FAN OC (RTX 3070 TWIN FAN 8G OC LHR),1637081435.0165842,109 990 ₽,https://www.onlinetrade.ru/catalogue/videokarty-c338//catalogue/videokarty-c338/msi/videokarta_msi_geforce_rtx_3070_lhr_8192mb_twin_fan_oc_rtx_3070_twin_fan_8g_oc_lhr-2893365.html,True
onlinetrade,AMD Radeon RX 570 ,MSI GeForce RTX 3070 LHR 8192Mb TWIN FAN OC (RTX 3070 TWIN FAN 8G OC LHR),1637081435.0165842,109 990 ₽,https://www.onlinetrade.ru/catalogue/videokarty-c338//catalogue/videokarty-c338/msi/videokarta_msi_geforce_rtx_3070_lhr_8192mb_twin_fan_oc_rtx_3070_twin_fan_8g_oc_lhr-2893365.html,True
onlinetrade,NVIDIA GeForce GTX 1070 ,MSI GeForce RTX 3070 LHR 8192Mb TWIN FAN OC (RTX 3070 TWIN FAN 8G OC LHR),1637081435.0165842,109 990 ₽,https://www.onlinetrade.ru/catalogue/videokarty-c338//catalogue/videokarty-c338/msi/videokarta_msi_geforce_rtx_3070_lhr_8192mb_twin_fan_oc_rtx_3070_twin_fan_8g_oc_lhr-2893365.html,True
onlinetrade,AMD Radeon Pro W6800 ,MSI GeForce RTX 3070 LHR 8192Mb TWIN FAN OC (RTX 3070 TWIN FAN 8G OC LHR),1637081435.0165842,109 990 ₽,https://www.onlinetrade.ru/catalogue/videokarty-c338//catalogue/videokarty-c338/msi/videokarta_msi_geforce_rtx_3070_lhr_8192mb_twin_fan_oc_rtx_3070_twin_fan_8g_oc_lhr-2893365.html,True
onlinetrade,NVIDIA GeForce GTX 1060 ,MSI GeForce RTX 3070 LHR 8192Mb TWIN FAN OC (RTX 3070 TWIN FAN 8G OC LHR),1637081435.0165842,109 990 ₽,https://www.onlinetrade.ru/catalogue/videokarty-c338//catalogue/videokarty-c338/msi/videokarta_msi_geforce_rtx_3070_lhr_8192mb_twin_fan_oc_rtx_3070_twin_fan_8g_oc_lhr-2893365.html,True
onlinetrade,NVIDIA GeForce GTX 1650 ,MSI GeForce RTX 3070 LHR 8192Mb TWIN FAN OC (RTX 3070 TWIN FAN 8G OC LHR),1637081435.0165842,109 990 ₽,https://www.onlinetrade.ru/catalogue/videokarty-c338//catalogue/videokarty-c338/msi/videokarta_msi_geforce_rtx_3070_lhr_8192mb_twin_fan_oc_rtx_3070_twin_fan_8g_oc_lhr-2893365.html,True
onlinetrade,NVIDIA Quadro RTX6000 ,MSI GeForce RTX 3070 LHR 8192Mb TWIN FAN OC (RTX 3070 TWIN FAN 8G OC LHR),1637081435.0165842,109 990 ₽,https://www.onlinetrade.ru/catalogue/videokarty-c338//catalogue/videokarty-c338/msi/videokarta_msi_geforce_rtx_3070_lhr_8192mb_twin_fan_oc_rtx_3070_twin_fan_8g_oc_lhr-2893365.html,True
onlinetrade,NVIDIA GeForce RTX 3080 ,MSI GeForce RTX 3070 LHR 8192Mb TWIN FAN OC (RTX 3070 TWIN FAN 8G OC LHR),1637081435.0165842,109 990 ₽,https://www.onlinetrade.ru/catalogue/videokarty-c338//catalogue/videokarty-c338/msi/videokarta_msi_geforce_rtx_3070_lhr_8192mb_twin_fan_oc_rtx_3070_twin_fan_8g_oc_lhr-2893365.html,True
onlinetrade,NVIDIA Quadro RTX5000 ,MSI GeForce RTX 3070 LHR 8192Mb TWIN FAN OC (RTX 3070 TWIN FAN 8G OC LHR),1637081435.0165842,109 990 ₽,https://www.onlinetrade.ru/catalogue/videokarty-c338//catalogue/videokarty-c338/msi/videokarta_msi_geforce_rtx_3070_lhr_8192mb_twin_fan_oc_rtx_3070_twin_fan_8g_oc_lhr-2893365.html,True
onlinetrade,AMD Radeon R5 230 ,MSI GeForce RTX 3070 LHR 8192Mb TWIN FAN OC (RTX 3070 TWIN FAN 8G OC LHR),1637081435.0165842,109 990 ₽,https://www.onlinetrade.ru/catalogue/videokarty-c338//catalogue/videokarty-c338/msi/videokarta_msi_geforce_rtx_3070_lhr_8192mb_twin_fan_oc_rtx_3070_twin_fan_8g_oc_lhr-2893365.html,True
onlinetrade,NVIDIA Quadro P6000 ,MSI GeForce RTX 3070 LHR 8192Mb TWIN FAN OC (RTX 3070 TWIN FAN 8G OC LHR),1637081435.0165842,109 990 ₽,https://www.onlinetrade.ru/catalogue/videokarty-c338//catalogue/videokarty-c338/msi/videokarta_msi_geforce_rtx_3070_lhr_8192mb_twin_fan_oc_rtx_3070_twin_fan_8g_oc_lhr-2893365.html,True
onlinetrade,NVIDIA GeForce GTX 1650 ,MSI GeForce RTX 3070 LHR 8192Mb TWIN FAN OC (RTX 3070 TWIN FAN 8G OC LHR),1637081435.0165842,109 990 ₽,https://www.onlinetrade.ru/catalogue/videokarty-c338//catalogue/videokarty-c338/msi/videokarta_msi_geforce_rtx_3070_lhr_8192mb_twin_fan_oc_rtx_3070_twin_fan_8g_oc_lhr-2893365.html,True
onlinetrade,C420 ,MSI GeForce RTX 3070 LHR 8192Mb TWIN FAN OC (RTX 3070 TWIN FAN 8G OC LHR),1637081435.0165842,109 990 ₽,https://www.onlinetrade.ru/catalogue/videokarty-c338//catalogue/videokarty-c338/msi/videokarta_msi_geforce_rtx_3070_lhr_8192mb_twin_fan_oc_rtx_3070_twin_fan_8g_oc_lhr-2893365.html,True
onlinetrade,NVIDIA Quadro RTX6000 ,MSI GeForce RTX 3070 LHR 8192Mb TWIN FAN OC (RTX 3070 TWIN FAN 8G OC LHR),1637081435.0165842,109 990 ₽,https://www.onlinetrade.ru/catalogue/videokarty-c338//catalogue/videokarty-c338/msi/videokarta_msi_geforce_rtx_3070_lhr_8192mb_twin_fan_oc_rtx_3070_twin_fan_8g_oc_lhr-2893365.html,True
onlinetrade,NVIDIA GeForce RTX 3070 ,MSI GeForce RTX 3070 LHR 8192Mb TWIN FAN OC (RTX 3070 TWIN FAN 8G OC LHR),1637081435.0165842,109 990 ₽,https://www.onlinetrade.ru/catalogue/videokarty-c338//catalogue/videokarty-c338/msi/videokarta_msi_geforce_rtx_3070_lhr_8192mb_twin_fan_oc_rtx_3070_twin_fan_8g_oc_lhr-2893365.html,True
onlinetrade,NVIDIA Quadro RTX8000 ,MSI GeForce RTX 3070 LHR 8192Mb TWIN FAN OC (RTX 3070 TWIN FAN 8G OC LHR),1637081435.0165842,109 990 ₽,https://www.onlinetrade.ru/catalogue/videokarty-c338//catalogue/videokarty-c338/msi/videokarta_msi_geforce_rtx_3070_lhr_8192mb_twin_fan_oc_rtx_3070_twin_fan_8g_oc_lhr-2893365.html,True
onlinetrade,NVIDIA Quadro GP100 ,MSI GeForce RTX 3070 LHR 8192Mb TWIN FAN OC (RTX 3070 TWIN FAN 8G OC LHR),1637081435.0165842,109 990 ₽,https://www.onlinetrade.ru/catalogue/videokarty-c338//catalogue/videokarty-c338/msi/videokarta_msi_geforce_rtx_3070_lhr_8192mb_twin_fan_oc_rtx_3070_twin_fan_8g_oc_lhr-2893365.html,True
onlinetrade,NVIDIA Tesla T4 ,MSI GeForce RTX 3070 LHR 8192Mb TWIN FAN OC (RTX 3070 TWIN FAN 8G OC LHR),1637081435.0165842,109 990 ₽,https://www.onlinetrade.ru/catalogue/videokarty-c338//catalogue/videokarty-c338/msi/videokarta_msi_geforce_rtx_3070_lhr_8192mb_twin_fan_oc_rtx_3070_twin_fan_8g_oc_lhr-2893365.html,True
onlinetrade,NVIDIA GeForce RTX 3070 Ti ,MSI GeForce RTX 3070 LHR 8192Mb TWIN FAN OC (RTX 3070 TWIN FAN 8G OC LHR),1637081435.0165842,109 990 ₽,https://www.onlinetrade.ru/catalogue/videokarty-c338//catalogue/videokarty-c338/msi/videokarta_msi_geforce_rtx_3070_lhr_8192mb_twin_fan_oc_rtx_3070_twin_fan_8g_oc_lhr-2893365.html,True
onlinetrade,NVIDIA GeForce RTX 3060 ,MSI GeForce RTX 3070 LHR 8192Mb TWIN FAN OC (RTX 3070 TWIN FAN 8G OC LHR),1637081435.0165842,109 990 ₽,https://www.onlinetrade.ru/catalogue/videokarty-c338//catalogue/videokarty-c338/msi/videokarta_msi_geforce_rtx_3070_lhr_8192mb_twin_fan_oc_rtx_3070_twin_fan_8g_oc_lhr-2893365.html,True
onlinetrade,NVIDIA GeForce RTX 3070 Ti ,MSI GeForce RTX 3070 LHR 8192Mb TWIN FAN OC (RTX 3070 TWIN FAN 8G OC LHR),1637081435.0165842,109 990 ₽,https://www.onlinetrade.ru/catalogue/videokarty-c338//catalogue/videokarty-c338/msi/videokarta_msi_geforce_rtx_3070_lhr_8192mb_twin_fan_oc_rtx_3070_twin_fan_8g_oc_lhr-2893365.html,True
onlinetrade,NVIDIA GeForce RTX 3060 ,MSI GeForce RTX 3070 LHR 8192Mb TWIN FAN OC (RTX 3070 TWIN FAN 8G OC LHR),1637081435.0165842,109 990 ₽,https://www.onlinetrade.ru/catalogue/videokarty-c338//catalogue/videokarty-c338/msi/videokarta_msi_geforce_rtx_3070_lhr_8192mb_twin_fan_oc_rtx_3070_twin_fan_8g_oc_lhr-2893365.html,True
onlinetrade,AMD Radeon Pro WX 2100 ,MSI GeForce RTX 3070 LHR 8192Mb TWIN FAN OC (RTX 3070 TWIN FAN 8G OC LHR),1637081435.0165842,109 990 ₽,https://www.onlinetrade.ru/catalogue/videokarty-c338//catalogue/videokarty-c338/msi/videokarta_msi_geforce_rtx_3070_lhr_8192mb_twin_fan_oc_rtx_3070_twin_fan_8g_oc_lhr-2893365.html,True
onlinetrade,AMD Radeon RX 580 ,MSI GeForce RTX 3070 LHR 8192Mb TWIN FAN OC (RTX 3070 TWIN FAN 8G OC LHR),1637081435.0165842,109 990 ₽,https://www.onlinetrade.ru/catalogue/videokarty-c338//catalogue/videokarty-c338/msi/videokarta_msi_geforce_rtx_3070_lhr_8192mb_twin_fan_oc_rtx_3070_twin_fan_8g_oc_lhr-2893365.html,True
onlinetrade,NVIDIA GeForce RTX 3080 ,MSI GeForce RTX 3070 LHR 8192Mb TWIN FAN OC (RTX 3070 TWIN FAN 8G OC LHR),1637081435.0165842,109 990 ₽,https://www.onlinetrade.ru/catalogue/videokarty-c338//catalogue/videokarty-c338/msi/videokarta_msi_geforce_rtx_3070_lhr_8192mb_twin_fan_oc_rtx_3070_twin_fan_8g_oc_lhr-2893365.html,True
onlinetrade,NVIDIA GeForce RTX 3080 ,MSI GeForce RTX 3070 LHR 8192Mb TWIN FAN OC (RTX 3070 TWIN FAN 8G OC LHR),1637081435.0165842,109 990 ₽,https://www.onlinetrade.ru/catalogue/videokarty-c338//catalogue/videokarty-c338/msi/videokarta_msi_geforce_rtx_3070_lhr_8192mb_twin_fan_oc_rtx_3070_twin_fan_8g_oc_lhr-2893365.html,True
onlinetrade,NVIDIA Quadro P5000 ,MSI GeForce RTX 3070 LHR 8192Mb TWIN FAN OC (RTX 3070 TWIN FAN 8G OC LHR),1637081435.0165842,109 990 ₽,https://www.onlinetrade.ru/catalogue/videokarty-c338//catalogue/videokarty-c338/msi/videokarta_msi_geforce_rtx_3070_lhr_8192mb_twin_fan_oc_rtx_3070_twin_fan_8g_oc_lhr-2893365.html,True
onlinetrade,NVIDIA Tesla K40M ,MSI GeForce RTX 3070 LHR 8192Mb TWIN FAN OC (RTX 3070 TWIN FAN 8G OC LHR),1637081435.0165842,109 990 ₽,https://www.onlinetrade.ru/catalogue/videokarty-c338//catalogue/videokarty-c338/msi/videokarta_msi_geforce_rtx_3070_lhr_8192mb_twin_fan_oc_rtx_3070_twin_fan_8g_oc_lhr-2893365.html,True
onlinetrade,NVIDIA Quadro T1000 ,MSI GeForce RTX 3070 LHR 8192Mb TWIN FAN OC (RTX 3070 TWIN FAN 8G OC LHR),1637081435.0165842,109 990 ₽,https://www.onlinetrade.ru/catalogue/videokarty-c338//catalogue/videokarty-c338/msi/videokarta_msi_geforce_rtx_3070_lhr_8192mb_twin_fan_oc_rtx_3070_twin_fan_8g_oc_lhr-2893365.html,True
onlinetrade,NVIDIA GeForce GT 730 ,MSI GeForce RTX 3070 LHR 8192Mb TWIN FAN OC (RTX 3070 TWIN FAN 8G OC LHR),1637081435.0165842,109 990 ₽,https://www.onlinetrade.ru/catalogue/videokarty-c338//catalogue/videokarty-c338/msi/videokarta_msi_geforce_rtx_3070_lhr_8192mb_twin_fan_oc_rtx_3070_twin_fan_8g_oc_lhr-2893365.html,True
onlinetrade,NVIDIA GeForce RTX 3080 ,MSI GeForce RTX 3070 LHR 8192Mb TWIN FAN OC (RTX 3070 TWIN FAN 8G OC LHR),1637081435.0165842,109 990 ₽,https://www.onlinetrade.ru/catalogue/videokarty-c338//catalogue/videokarty-c338/msi/videokarta_msi_geforce_rtx_3070_lhr_8192mb_twin_fan_oc_rtx_3070_twin_fan_8g_oc_lhr-2893365.html,True
onlinetrade,NVIDIA Quadro T1000 ,MSI GeForce RTX 3070 LHR 8192Mb TWIN FAN OC (RTX 3070 TWIN FAN 8G OC LHR),1637081435.0165842,109 990 ₽,https://www.onlinetrade.ru/catalogue/videokarty-c338//catalogue/videokarty-c338/msi/videokarta_msi_geforce_rtx_3070_lhr_8192mb_twin_fan_oc_rtx_3070_twin_fan_8g_oc_lhr-2893365.html,True
onlinetrade,NVIDIA GeForce RTX 3080 ,MSI GeForce RTX 3070 LHR 8192Mb TWIN FAN OC (RTX 3070 TWIN FAN 8G OC LHR),1637081435.0165842,109 990 ₽,https://www.onlinetrade.ru/catalogue/videokarty-c338//catalogue/videokarty-c338/msi/videokarta_msi_geforce_rtx_3070_lhr_8192mb_twin_fan_oc_rtx_3070_twin_fan_8g_oc_lhr-2893365.html,True
onlinetrade,NVIDIA GeForce RTX 2060 Super ,MSI GeForce RTX 3070 LHR 8192Mb TWIN FAN OC (RTX 3070 TWIN FAN 8G OC LHR),1637081435.0165842,109 990 ₽,https://www.onlinetrade.ru/catalogue/videokarty-c338//catalogue/videokarty-c338/msi/videokarta_msi_geforce_rtx_3070_lhr_8192mb_twin_fan_oc_rtx_3070_twin_fan_8g_oc_lhr-2893365.html,True
onlinetrade,NVIDIA Tesla T4 ,MSI GeForce RTX 3070 LHR 8192Mb TWIN FAN OC (RTX 3070 TWIN FAN 8G OC LHR),1637081435.0165842,109 990 ₽,https://www.onlinetrade.ru/catalogue/videokarty-c338//catalogue/videokarty-c338/msi/videokarta_msi_geforce_rtx_3070_lhr_8192mb_twin_fan_oc_rtx_3070_twin_fan_8g_oc_lhr-2893365.html,True
onlinetrade,NVIDIA RTX A6000 ,MSI GeForce RTX 3070 LHR 8192Mb TWIN FAN OC (RTX 3070 TWIN FAN 8G OC LHR),1637081435.0165842,109 990 ₽,https://www.onlinetrade.ru/catalogue/videokarty-c338//catalogue/videokarty-c338/msi/videokarta_msi_geforce_rtx_3070_lhr_8192mb_twin_fan_oc_rtx_3070_twin_fan_8g_oc_lhr-2893365.html,True
regard,GeForce GTX 1650,Профессиональная видеокарта AMD Radeon Pro W6600 8Gb (100-506159) RTL,1637081412.718257,69480,https://www.regard.ru/catalog/tovar414213.htm,True
onlinetrade,NVIDIA GeForce RTX 3070 ,MSI GeForce RTX 3070 LHR 8192Mb TWIN FAN OC (RTX 3070 TWIN FAN 8G OC LHR),1637081435.0165842,109 990 ₽,https://www.onlinetrade.ru/catalogue/videokarty-c338//catalogue/videokarty-c338/msi/videokarta_msi_geforce_rtx_3070_lhr_8192mb_twin_fan_oc_rtx_3070_twin_fan_8g_oc_lhr-2893365.html,True
onlinetrade,NVIDIA GeForce RTX 3070 ,MSI GeForce RTX 3070 LHR 8192Mb TWIN FAN OC (RTX 3070 TWIN FAN 8G OC LHR),1637081435.0165842,109 990 ₽,https://www.onlinetrade.ru/catalogue/videokarty-c338//catalogue/videokarty-c338/msi/videokarta_msi_geforce_rtx_3070_lhr_8192mb_twin_fan_oc_rtx_3070_twin_fan_8g_oc_lhr-2893365.html,True
regard,GeForce GT 730,Профессиональная видеокарта AMD Radeon Pro W6600 8Gb (100-506159) RTL,1637081412.718257,69480,https://www.regard.ru/catalog/tovar414213.htm,True
regard,GeForce GTX 1650,Профессиональная видеокарта AMD Radeon Pro W6600 8Gb (100-506159) RTL,1637081412.718257,69480,https://www.regard.ru/catalog/tovar414213.htm,True
regard,GeForce GT 730,Профессиональная видеокарта AMD Radeon Pro W6600 8Gb (100-506159) RTL,1637081412.718257,69480,https://www.regard.ru/catalog/tovar414213.htm,True
regard,GeForce GT 730,Профессиональная видеокарта AMD Radeon Pro W6600 8Gb (100-506159) RTL,1637081412.718257,69480,https://www.regard.ru/catalog/tovar414213.htm,True
onlinetrade,NVIDIA Quadro RTX8000 ,MSI GeForce RTX 3070 LHR 8192Mb TWIN FAN OC (RTX 3070 TWIN FAN 8G OC LHR),1637081435.0165842,109 990 ₽,https://www.onlinetrade.ru/catalogue/videokarty-c338//catalogue/videokarty-c338/msi/videokarta_msi_geforce_rtx_3070_lhr_8192mb_twin_fan_oc_rtx_3070_twin_fan_8g_oc_lhr-2893365.html,True
onlinetrade,NVIDIA Quadro RTX8000 ,MSI GeForce RTX 3070 LHR 8192Mb TWIN FAN OC (RTX 3070 TWIN FAN 8G OC LHR),1637081435.0165842,109 990 ₽,https://www.onlinetrade.ru/catalogue/videokarty-c338//catalogue/videokarty-c338/msi/videokarta_msi_geforce_rtx_3070_lhr_8192mb_twin_fan_oc_rtx_3070_twin_fan_8g_oc_lhr-2893365.html,True
regard,GeForce GT 730,Профессиональная видеокарта AMD Radeon Pro W6600 8Gb (100-506159) RTL,1637081412.718257,69480,https://www.regard.ru/catalog/tovar414213.htm,True
onlinetrade,NVIDIA GeForce RTX 3080 ,MSI GeForce RTX 3070 LHR 8192Mb TWIN FAN OC (RTX 3070 TWIN FAN 8G OC LHR),1637081435.0165842,109 990 ₽,https://www.onlinetrade.ru/catalogue/videokarty-c338//catalogue/videokarty-c338/msi/videokarta_msi_geforce_rtx_3070_lhr_8192mb_twin_fan_oc_rtx_3070_twin_fan_8g_oc_lhr-2893365.html,True
onlinetrade,NVIDIA GeForce RTX 3060 Ti ,MSI GeForce RTX 3070 LHR 8192Mb TWIN FAN OC (RTX 3070 TWIN FAN 8G OC LHR),1637081435.0165842,109 990 ₽,https://www.onlinetrade.ru/catalogue/videokarty-c338//catalogue/videokarty-c338/msi/videokarta_msi_geforce_rtx_3070_lhr_8192mb_twin_fan_oc_rtx_3070_twin_fan_8g_oc_lhr-2893365.html,True
regard,GeForce GT 730,Профессиональная видеокарта AMD Radeon Pro W6600 8Gb (100-506159) RTL,1637081412.718257,69480,https://www.regard.ru/catalog/tovar414213.htm,True
regard,GeForce GT 730,Профессиональная видеокарта AMD Radeon Pro W6600 8Gb (100-506159) RTL,1637081412.718257,69480,https://www.regard.ru/catalog/tovar414213.htm,True
regard,GeForce GT 730,Профессиональная видеокарта AMD Radeon Pro W6600 8Gb (100-506159) RTL,1637081412.718257,69480,https://www.regard.ru/catalog/tovar414213.htm,True
onlinetrade,NVIDIA Quadro RTX8000 ,MSI GeForce RTX 3070 LHR 8192Mb TWIN FAN OC (RTX 3070 TWIN FAN 8G OC LHR),1637081435.0165842,109 990 ₽,https://www.onlinetrade.ru/catalogue/videokarty-c338//catalogue/videokarty-c338/msi/videokarta_msi_geforce_rtx_3070_lhr_8192mb_twin_fan_oc_rtx_3070_twin_fan_8g_oc_lhr-2893365.html,True
regard,GeForce GT 730,Профессиональная видеокарта AMD Radeon Pro W6600 8Gb (100-506159) RTL,1637081412.718257,69480,https://www.regard.ru/catalog/tovar414213.htm,True
onlinetrade,NVIDIA GeForce GT 1030 ,MSI GeForce RTX 3070 LHR 8192Mb TWIN FAN OC (RTX 3070 TWIN FAN 8G OC LHR),1637081435.0165842,109 990 ₽,https://www.onlinetrade.ru/catalogue/videokarty-c338//catalogue/videokarty-c338/msi/videokarta_msi_geforce_rtx_3070_lhr_8192mb_twin_fan_oc_rtx_3070_twin_fan_8g_oc_lhr-2893365.html,True
regard,GeForce GT 730,Профессиональная видеокарта AMD Radeon Pro W6600 8Gb (100-506159) RTL,1637081412.718257,69480,https://www.regard.ru/catalog/tovar414213.htm,True
regard,GeForce GT 730,Профессиональная видеокарта AMD Radeon Pro W6600 8Gb (100-506159) RTL,1637081412.718257,69480,https://www.regard.ru/catalog/tovar414213.htm,True
regard,GeForce GT 730,Профессиональная видеокарта AMD Radeon Pro W6600 8Gb (100-506159) RTL,1637081412.718257,69480,https://www.regard.ru/catalog/tovar414213.htm,True
regard,GeForce GT 730,Профессиональная видеокарта AMD Radeon Pro W6600 8Gb (100-506159) RTL,1637081412.718257,69480,https://www.regard.ru/catalog/tovar414213.htm,True
regard,GeForce GT 730,Профессиональная видеокарта AMD Radeon Pro W6600 8Gb (100-506159) RTL,1637081412.718257,69480,https://www.regard.ru/catalog/tovar414213.htm,True
regard,GeForce GT 1030,Профессиональная видеокарта AMD Radeon Pro W6600 8Gb (100-506159) RTL,1637081412.718257,69480,https://www.regard.ru/catalog/tovar414213.htm,True
regard,GeForce GT 1030,Профессиональная видеокарта AMD Radeon Pro W6600 8Gb (100-506159) RTL,1637081412.718257,69480,https://www.regard.ru/catalog/tovar414213.htm,True
regard,GeForce GT 1030,Профессиональная видеокарта AMD Radeon Pro W6600 8Gb (100-506159) RTL,1637081412.718257,69480,https://www.regard.ru/catalog/tovar414213.htm,True
onlinetrade,AMD Radeon R7 350 ,MSI GeForce RTX 3070 LHR 8192Mb TWIN FAN OC (RTX 3070 TWIN FAN 8G OC LHR),1637081435.0165842,109 990 ₽,https://www.onlinetrade.ru/catalogue/videokarty-c338//catalogue/videokarty-c338/msi/videokarta_msi_geforce_rtx_3070_lhr_8192mb_twin_fan_oc_rtx_3070_twin_fan_8g_oc_lhr-2893365.html,True
onlinetrade,NVIDIA GeForce RTX 3060 ,MSI GeForce RTX 3070 LHR 8192Mb TWIN FAN OC (RTX 3070 TWIN FAN 8G OC LHR),1637081435.0165842,109 990 ₽,https://www.onlinetrade.ru/catalogue/videokarty-c338//catalogue/videokarty-c338/msi/videokarta_msi_geforce_rtx_3070_lhr_8192mb_twin_fan_oc_rtx_3070_twin_fan_8g_oc_lhr-2893365.html,True
onlinetrade,NVIDIA Quadro RTX4000 ,MSI GeForce RTX 3070 LHR 8192Mb TWIN FAN OC (RTX 3070 TWIN FAN 8G OC LHR),1637081435.0165842,109 990 ₽,https://www.onlinetrade.ru/catalogue/videokarty-c338//catalogue/videokarty-c338/msi/videokarta_msi_geforce_rtx_3070_lhr_8192mb_twin_fan_oc_rtx_3070_twin_fan_8g_oc_lhr-2893365.html,True
regard,GeForce GT 1030,Профессиональная видеокарта AMD Radeon Pro W6600 8Gb (100-506159) RTL,1637081412.718257,69480,https://www.regard.ru/catalog/tovar414213.htm,True
onlinetrade,NVIDIA GeForce RTX 3060 Ti ,MSI GeForce RTX 3070 LHR 8192Mb TWIN FAN OC (RTX 3070 TWIN FAN 8G OC LHR),1637081435.0165842,109 990 ₽,https://www.onlinetrade.ru/catalogue/videokarty-c338//catalogue/videokarty-c338/msi/videokarta_msi_geforce_rtx_3070_lhr_8192mb_twin_fan_oc_rtx_3070_twin_fan_8g_oc_lhr-2893365.html,True
regard,Radeon RX 6900 XT,Профессиональная видеокарта AMD Radeon Pro W6600 8Gb (100-506159) RTL,1637081412.718257,69480,https://www.regard.ru/catalog/tovar414213.htm,True
onlinetrade,NVIDIA GeForce GT 610 ,MSI GeForce RTX 3070 LHR 8192Mb TWIN FAN OC (RTX 3070 TWIN FAN 8G OC LHR),1637081435.0165842,109 990 ₽,https://www.onlinetrade.ru/catalogue/videokarty-c338//catalogue/videokarty-c338/msi/videokarta_msi_geforce_rtx_3070_lhr_8192mb_twin_fan_oc_rtx_3070_twin_fan_8g_oc_lhr-2893365.html,True
regard,Radeon RX 6900 XT,Профессиональная видеокарта AMD Radeon Pro W6600 8Gb (100-506159) RTL,1637081412.718257,69480,https://www.regard.ru/catalog/tovar414213.htm,True
regard,Radeon RX 6900 XT,Профессиональная видеокарта AMD Radeon Pro W6600 8Gb (100-506159) RTL,1637081412.718257,69480,https://www.regard.ru/catalog/tovar414213.htm,True
regard,Radeon RX 6900 XT,Профессиональная видеокарта AMD Radeon Pro W6600 8Gb (100-506159) RTL,1637081412.718257,69480,https://www.regard.ru/catalog/tovar414213.htm,True
regard,Radeon RX 6900 XT,Профессиональная видеокарта AMD Radeon Pro W6600 8Gb (100-506159) RTL,1637081412.718257,69480,https://www.regard.ru/catalog/tovar414213.htm,True
onlinetrade,NVIDIA GeForce GT 740 ,MSI GeForce RTX 3070 LHR 8192Mb TWIN FAN OC (RTX 3070 TWIN FAN 8G OC LHR),1637081435.0165842,109 990 ₽,https://www.onlinetrade.ru/catalogue/videokarty-c338//catalogue/videokarty-c338/msi/videokarta_msi_geforce_rtx_3070_lhr_8192mb_twin_fan_oc_rtx_3070_twin_fan_8g_oc_lhr-2893365.html,True
onlinetrade,NVIDIA GeForce GTX 1660 Ti ,MSI GeForce RTX 3070 LHR 8192Mb TWIN FAN OC (RTX 3070 TWIN FAN 8G OC LHR),1637081435.0165842,109 990 ₽,https://www.onlinetrade.ru/catalogue/videokarty-c338//catalogue/videokarty-c338/msi/videokarta_msi_geforce_rtx_3070_lhr_8192mb_twin_fan_oc_rtx_3070_twin_fan_8g_oc_lhr-2893365.html,True
regard,Radeon RX 6900 XT,Профессиональная видеокарта AMD Radeon Pro W6600 8Gb (100-506159) RTL,1637081412.718257,69480,https://www.regard.ru/catalog/tovar414213.htm,True
