store_name,gpu_model,gpu_name,fetch_ts,price,url,in_stock
regard,Radeon RX 6900 XT,NVIDIA GeForce RTX3090 ASUS 24Gb (TURBO-RTX3090-24G) OEM,1637693450.8323932,308940,https://www.regard.ru/catalog/tovar374862.htm,True
regard,GeForce RTX 3070,NVIDIA GeForce RTX3090 ASUS 24Gb (TURBO-RTX3090-24G) OEM,1637693450.8323932,308940,https://www.regard.ru/catalog/tovar374862.htm,True
regard,GeForce RTX 3080,NVIDIA GeForce RTX3090 ASUS 24Gb (TURBO-RTX3090-24G) OEM,1637693450.8323932,308940,https://www.regard.ru/catalog/tovar374862.htm,True
regard,GeForce RTX 3080,NVIDIA GeForce RTX3090 ASUS 24Gb (TURBO-RTX3090-24G) OEM,1637693450.8323932,308940,https://www.regard.ru/catalog/tovar374862.htm,True
regard,GeForce RTX 3080,NVIDIA GeForce RTX3090 ASUS 24Gb (TURBO-RTX3090-24G) OEM,1637693450.8323932,308940,https://www.regard.ru/catalog/tovar374862.htm,True
regard,GeForce RTX 3070,NVIDIA GeForce RTX3090 ASUS 24Gb (TURBO-RTX3090-24G) OEM,1637693450.8323932,308940,https://www.regard.ru/catalog/tovar374862.htm,True
regard,GeForce RTX 3060,NVIDIA GeForce RTX3090 ASUS 24Gb (TURBO-RTX3090-24G) OEM,1637693450.8323932,308940,https://www.regard.ru/catalog/tovar374862.htm,True
regard,GeForce RTX 3080,NVIDIA GeForce RTX3090 ASUS 24Gb (TURBO-RTX3090-24G) OEM,1637693450.8323932,308940,https://www.regard.ru/catalog/tovar374862.htm,True
onlinetrade,AMD Radeon RX 560 ,AFOX Radeon RX 560 4096Mb ATX DUAL FAN (AFRX560-4096D5H4),1637693450.9648874,19 999 ₽,https://www.onlinetrade.ru/catalogue/videokarty-c338//catalogue/videokarty-c338/afox/videokarta_afox_radeon_rx_560_4096mb_atx_dual_fan_afrx560_4096d5h4-2685027.html,True
regard,GeForce RTX 3060,NVIDIA GeForce RTX3090 ASUS 24Gb (TURBO-RTX3090-24G) OEM,1637693450.8323932,308940,https://www.regard.ru/catalog/tovar374862.htm,True
regard,GeForce GTX 1650,NVIDIA GeForce RTX3090 ASUS 24Gb (TURBO-RTX3090-24G) OEM,1637693450.8323932,308940,https://www.regard.ru/catalog/tovar374862.htm,True
regard,GeForce GTX 1650,NVIDIA GeForce RTX3090 ASUS 24Gb (TURBO-RTX3090-24G) OEM,1637693450.8323932,308940,https://www.regard.ru/catalog/tovar374862.htm,True
regard,GeForce GTX 1650,NVIDIA GeForce RTX3090 ASUS 24Gb (TURBO-RTX3090-24G) OEM,1637693450.8323932,308940,https://www.regard.ru/catalog/tovar374862.htm,True
regard,GeForce GTX 1050 Ti,NVIDIA GeForce RTX3090 ASUS 24Gb (TURBO-RTX3090-24G) OEM,1637693450.8323932,308940,https://www.regard.ru/catalog/tovar374862.htm,True
regard,GeForce GTX 1650,NVIDIA GeForce RTX3090 ASUS 24Gb (TURBO-RTX3090-24G) OEM,1637693450.8323932,308940,https://www.regard.ru/catalog/tovar374862.htm,True
regard,GeForce RTX 3080,NVIDIA GeForce RTX3090 ASUS 24Gb (TURBO-RTX3090-24G) OEM,1637693450.8323932,308940,https://www.regard.ru/catalog/tovar374862.htm,True
onlinetrade,NVIDIA GeForce GTX 1650 ,GIGABYTE GeForce GTX 1650 PCI-E 3.0 4096Mb 128 bit Display Port HDMI HDCP OC (GV-N1650OC-4GD),1637693455.2310114,39 999 ₽,https://www.onlinetrade.ru/catalogue/videokarty-c338//catalogue/videokarty-c338/gigabyte/videokarta_gigabyte_geforce_gtx_1650_pci_e_3.0_4096mb_128_bit_display_port_hdmi_hdcp_oc_gv_n1650oc_4gd-1790562.html,True
onlinetrade,NVIDIA GeForce GT 730 ,GIGABYTE GeForce GTX 1650 PCI-E 3.0 4096Mb 128 bit Display Port HDMI HDCP OC (GV-N1650OC-4GD),1637693455.2310114,39 999 ₽,https://www.onlinetrade.ru/catalogue/videokarty-c338//catalogue/videokarty-c338/gigabyte/videokarta_gigabyte_geforce_gtx_1650_pci_e_3.0_4096mb_128_bit_display_port_hdmi_hdcp_oc_gv_n1650oc_4gd-1790562.html,True
onlinetrade,NVIDIA GeForce GTX 1660 Super ,GIGABYTE GeForce GTX 1650 PCI-E 3.0 4096Mb 128 bit Display Port HDMI HDCP OC (GV-N1650OC-4GD),1637693455.2310114,39 999 ₽,https://www.onlinetrade.ru/catalogue/videokarty-c338//catalogue/videokarty-c338/gigabyte/videokarta_gigabyte_geforce_gtx_1650_pci_e_3.0_4096mb_128_bit_display_port_hdmi_hdcp_oc_gv_n1650oc_4gd-1790562.html,True
onlinetrade,NVIDIA GeForce RTX 3070 Ti ,GIGABYTE GeForce GTX 1650 PCI-E 3.0 4096Mb 128 bit Display Port HDMI HDCP OC (GV-N1650OC-4GD),1637693455.2310114,39 999 ₽,https://www.onlinetrade.ru/catalogue/videokarty-c338//catalogue/videokarty-c338/gigabyte/videokarta_gigabyte_geforce_gtx_1650_pci_e_3.0_4096mb_128_bit_display_port_hdmi_hdcp_oc_gv_n1650oc_4gd-1790562.html,True
onlinetrade,AMD Radeon RX 6600 ,GIGABYTE GeForce GTX 1650 PCI-E 3.0 4096Mb 128 bit Display Port HDMI HDCP OC (GV-N1650OC-4GD),1637693455.2310114,39 999 ₽,https://www.onlinetrade.ru/catalogue/videokarty-c338//catalogue/videokarty-c338/gigabyte/videokarta_gigabyte_geforce_gtx_1650_pci_e_3.0_4096mb_128_bit_display_port_hdmi_hdcp_oc_gv_n1650oc_4gd-1790562.html,True
onlinetrade,NVIDIA GeForce RTX 3060 Ti ,GIGABYTE GeForce GTX 1650 PCI-E 3.0 4096Mb 128 bit Display Port HDMI HDCP OC (GV-N1650OC-4GD),1637693455.2310114,39 999 ₽,https://www.onlinetrade.ru/catalogue/videokarty-c338//catalogue/videokarty-c338/gigabyte/videokarta_gigabyte_geforce_gtx_1650_pci_e_3.0_4096mb_128_bit_display_port_hdmi_hdcp_oc_gv_n1650oc_4gd-1790562.html,True
onlinetrade,NVIDIA GeForce RTX 3060 Ti ,GIGABYTE GeForce GTX 1650 PCI-E 3.0 4096Mb 128 bit Display Port HDMI HDCP OC (GV-N1650OC-4GD),1637693455.2310114,39 999 ₽,https://www.onlinetrade.ru/catalogue/videokarty-c338//catalogue/videokarty-c338/gigabyte/videokarta_gigabyte_geforce_gtx_1650_pci_e_3.0_4096mb_128_bit_display_port_hdmi_hdcp_oc_gv_n1650oc_4gd-1790562.html,True
onlinetrade,NVIDIA GeForce RTX 3060 ,GIGABYTE GeForce GTX 1650 PCI-E 3.0 4096Mb 128 bit Display Port HDMI HDCP OC (GV-N1650OC-4GD),1637693455.2310114,39 999 ₽,https://www.onlinetrade.ru/catalogue/videokarty-c338//catalogue/videokarty-c338/gigabyte/videokarta_gigabyte_geforce_gtx_1650_pci_e_3.0_4096mb_128_bit_display_port_hdmi_hdcp_oc_gv_n1650oc_4gd-1790562.html,True
onlinetrade,NVIDIA GeForce GT 740 ,GIGABYTE GeForce GTX 1650 PCI-E 3.0 4096Mb 128 bit Display Port HDMI HDCP OC (GV-N1650OC-4GD),1637693455.2310114,39 999 ₽,https://www.onlinetrade.ru/catalogue/videokarty-c338//catalogue/videokarty-c338/gigabyte/videokarta_gigabyte_geforce_gtx_1650_pci_e_3.0_4096mb_128_bit_display_port_hdmi_hdcp_oc_gv_n1650oc_4gd-1790562.html,True
onlinetrade,AMD Radeon RX 6600 ,GIGABYTE GeForce GTX 1650 PCI-E 3.0 4096Mb 128 bit Display Port HDMI HDCP OC (GV-N1650OC-4GD),1637693455.2310114,39 999 ₽,https://www.onlinetrade.ru/catalogue/videokarty-c338//catalogue/videokarty-c338/gigabyte/videokarta_gigabyte_geforce_gtx_1650_pci_e_3.0_4096mb_128_bit_display_port_hdmi_hdcp_oc_gv_n1650oc_4gd-1790562.html,True
onlinetrade,NVIDIA GeForce GT 730 ,GIGABYTE GeForce GTX 1650 PCI-E 3.0 4096Mb 128 bit Display Port HDMI HDCP OC (GV-N1650OC-4GD),1637693455.2310114,39 999 ₽,https://www.onlinetrade.ru/catalogue/videokarty-c338//catalogue/videokarty-c338/gigabyte/videokarta_gigabyte_geforce_gtx_1650_pci_e_3.0_4096mb_128_bit_display_port_hdmi_hdcp_oc_gv_n1650oc_4gd-1790562.html,True
onlinetrade,NVIDIA GeForce GT 610 ,GIGABYTE GeForce GTX 1650 PCI-E 3.0 4096Mb 128 bit Display Port HDMI HDCP OC (GV-N1650OC-4GD),1637693455.2310114,39 999 ₽,https://www.onlinetrade.ru/catalogue/videokarty-c338//catalogue/videokarty-c338/gigabyte/videokarta_gigabyte_geforce_gtx_1650_pci_e_3.0_4096mb_128_bit_display_port_hdmi_hdcp_oc_gv_n1650oc_4gd-1790562.html,True
onlinetrade,NVIDIA GeForce GT 1030 ,GIGABYTE GeForce GTX 1650 PCI-E 3.0 4096Mb 128 bit Display Port HDMI HDCP OC (GV-N1650OC-4GD),1637693455.2310114,39 999 ₽,https://www.onlinetrade.ru/catalogue/videokarty-c338//catalogue/videokarty-c338/gigabyte/videokarta_gigabyte_geforce_gtx_1650_pci_e_3.0_4096mb_128_bit_display_port_hdmi_hdcp_oc_gv_n1650oc_4gd-1790562.html,True
onlinetrade,NVIDIA GeForce GTX 1660 Super ,GIGABYTE GeForce GTX 1650 PCI-E 3.0 4096Mb 128 bit Display Port HDMI HDCP OC (GV-N1650OC-4GD),1637693455.2310114,39 999 ₽,https://www.onlinetrade.ru/catalogue/videokarty-c338//catalogue/videokarty-c338/gigabyte/videokarta_gigabyte_geforce_gtx_1650_pci_e_3.0_4096mb_128_bit_display_port_hdmi_hdcp_oc_gv_n1650oc_4gd-1790562.html,True
onlinetrade,NVIDIA GeForce GT 1030 ,GIGABYTE GeForce GTX 1650 PCI-E 3.0 4096Mb 128 bit Display Port HDMI HDCP OC (GV-N1650OC-4GD),1637693455.2310114,39 999 ₽,https://www.onlinetrade.ru/catalogue/videokarty-c338//catalogue/videokarty-c338/gigabyte/videokarta_gigabyte_geforce_gtx_1650_pci_e_3.0_4096mb_128_bit_display_port_hdmi_hdcp_oc_gv_n1650oc_4gd-1790562.html,True
onlinetrade,NVIDIA GeForce GTX 1650 ,GIGABYTE GeForce GTX 1650 PCI-E 3.0 4096Mb 128 bit Display Port HDMI HDCP OC (GV-N1650OC-4GD),1637693455.2310114,39 999 ₽,https://www.onlinetrade.ru/catalogue/videokarty-c338//catalogue/videokarty-c338/gigabyte/videokarta_gigabyte_geforce_gtx_1650_pci_e_3.0_4096mb_128_bit_display_port_hdmi_hdcp_oc_gv_n1650oc_4gd-1790562.html,True
onlinetrade,NVIDIA GeForce RTX 3060 Ti ,GIGABYTE GeForce GTX 1650 PCI-E 3.0 4096Mb 128 bit Display Port HDMI HDCP OC (GV-N1650OC-4GD),1637693455.2310114,39 999 ₽,https://www.onlinetrade.ru/catalogue/videokarty-c338//catalogue/videokarty-c338/gigabyte/videokarta_gigabyte_geforce_gtx_1650_pci_e_3.0_4096mb_128_bit_display_port_hdmi_hdcp_oc_gv_n1650oc_4gd-1790562.html,True
onlinetrade,NVIDIA GeForce GT 610 ,GIGABYTE GeForce GTX 1650 PCI-E 3.0 4096Mb 128 bit Display Port HDMI HDCP OC (GV-N1650OC-4GD),1637693455.2310114,39 999 ₽,https://www.onlinetrade.ru/catalogue/videokarty-c338//catalogue/videokarty-c338/gigabyte/videokarta_gigabyte_geforce_gtx_1650_pci_e_3.0_4096mb_128_bit_display_port_hdmi_hdcp_oc_gv_n1650oc_4gd-1790562.html,True
onlinetrade,AMD Radeon RX 6900 XT ,GIGABYTE GeForce GTX 1650 PCI-E 3.0 4096Mb 128 bit Display Port HDMI HDCP OC (GV-N1650OC-4GD),1637693455.2310114,39 999 ₽,https://www.onlinetrade.ru/catalogue/videokarty-c338//catalogue/videokarty-c338/gigabyte/videokarta_gigabyte_geforce_gtx_1650_pci_e_3.0_4096mb_128_bit_display_port_hdmi_hdcp_oc_gv_n1650oc_4gd-1790562.html,True
onlinetrade,NVIDIA GeForce GT 1030 ,GIGABYTE GeForce GTX 1650 PCI-E 3.0 4096Mb 128 bit Display Port HDMI HDCP OC (GV-N1650OC-4GD),1637693455.2310114,39 999 ₽,https://www.onlinetrade.ru/catalogue/videokarty-c338//catalogue/videokarty-c338/gigabyte/videokarta_gigabyte_geforce_gtx_1650_pci_e_3.0_4096mb_128_bit_display_port_hdmi_hdcp_oc_gv_n1650oc_4gd-1790562.html,True
onlinetrade,AMD Radeon RX 6600 XT ,GIGABYTE GeForce GTX 1650 PCI-E 3.0 4096Mb 128 bit Display Port HDMI HDCP OC (GV-N1650OC-4GD),1637693455.2310114,39 999 ₽,https://www.onlinetrade.ru/catalogue/videokarty-c338//catalogue/videokarty-c338/gigabyte/videokarta_gigabyte_geforce_gtx_1650_pci_e_3.0_4096mb_128_bit_display_port_hdmi_hdcp_oc_gv_n1650oc_4gd-1790562.html,True
onlinetrade,NVIDIA Quadro RTX4000 ,GIGABYTE GeForce GTX 1650 PCI-E 3.0 4096Mb 128 bit Display Port HDMI HDCP OC (GV-N1650OC-4GD),1637693455.2310114,39 999 ₽,https://www.onlinetrade.ru/catalogue/videokarty-c338//catalogue/videokarty-c338/gigabyte/videokarta_gigabyte_geforce_gtx_1650_pci_e_3.0_4096mb_128_bit_display_port_hdmi_hdcp_oc_gv_n1650oc_4gd-1790562.html,True
onlinetrade,NVIDIA GeForce RTX 3060 ,GIGABYTE GeForce GTX 1650 PCI-E 3.0 4096Mb 128 bit Display Port HDMI HDCP OC (GV-N1650OC-4GD),1637693455.2310114,39 999 ₽,https://www.onlinetrade.ru/catalogue/videokarty-c338//catalogue/videokarty-c338/gigabyte/videokarta_gigabyte_geforce_gtx_1650_pci_e_3.0_4096mb_128_bit_display_port_hdmi_hdcp_oc_gv_n1650oc_4gd-1790562.html,True
onlinetrade,NVIDIA GeForce RTX 3060 ,SINOTEX Radeon R5 230 2048Mb (AKR523023F),1637693458.940336,4 100 ₽,https://www.onlinetrade.ru/catalogue/videokarty-c338//catalogue/videokarty-c338/sinotex/videokarta_sinotex_radeon_r5_230_2048mb_akr523023f-2367554.html,True
onlinetrade,NVIDIA GeForce RTX 3060 Ti ,SINOTEX Radeon R5 230 2048Mb (AKR523023F),1637693458.940336,4 100 ₽,https://www.onlinetrade.ru/catalogue/videokarty-c338//catalogue/videokarty-c338/sinotex/videokarta_sinotex_radeon_r5_230_2048mb_akr523023f-2367554.html,True
onlinetrade,NVIDIA Quadro T600 ,SINOTEX Radeon R5 230 2048Mb (AKR523023F),1637693458.940336,4 100 ₽,https://www.onlinetrade.ru/catalogue/videokarty-c338//catalogue/videokarty-c338/sinotex/videokarta_sinotex_radeon_r5_230_2048mb_akr523023f-2367554.html,True
onlinetrade,NVIDIA GeForce RTX 3090 ,SINOTEX Radeon R5 230 2048Mb (AKR523023F),1637693458.940336,4 100 ₽,https://www.onlinetrade.ru/catalogue/videokarty-c338//catalogue/videokarty-c338/sinotex/videokarta_sinotex_radeon_r5_230_2048mb_akr523023f-2367554.html,True
onlinetrade,NVIDIA GeForce RTX 3060 ,SINOTEX Radeon R5 230 2048Mb (AKR523023F),1637693458.940336,4 100 ₽,https://www.onlinetrade.ru/catalogue/videokarty-c338//catalogue/videokarty-c338/sinotex/videokarta_sinotex_radeon_r5_230_2048mb_akr523023f-2367554.html,True
onlinetrade,NVIDIA GeForce GTX 1050 Ti ,DELL Radeon Pro WX 3200 4096Mb FH (490-BFQR) OEM,1637693460.01991,19 999 ₽,https://www.onlinetrade.ru/catalogue/videokarty-c338//catalogue/videokarty-c338/dell/videokarta_dell_radeon_pro_wx_3200_4096mb_fh_490_bfqr_oem-2288750.html,True
onlinetrade,NVIDIA Quadro T600 ,MSI GeForce GT 730 2048Mb OC V5 (N730K-2GD3/OCV5),1637693460.5226808,6 360 ₽,https://www.onlinetrade.ru/catalogue/videokarty-c338//catalogue/videokarty-c338/msi/videokarta_msi_geforce_gt_730_2048mb_oc_v5_n730k_2gd3_ocv5-2770032.html,True
onlinetrade,NVIDIA GeForce GTX 750 Ti ,MSI GeForce GT 730 2048Mb OC V5 (N730K-2GD3/OCV5),1637693460.5226808,6 360 ₽,https://www.onlinetrade.ru/catalogue/videokarty-c338//catalogue/videokarty-c338/msi/videokarta_msi_geforce_gt_730_2048mb_oc_v5_n730k_2gd3_ocv5-2770032.html,True
onlinetrade,AMD Radeon RX 6600 XT ,MSI GeForce GT 730 2048Mb OC V5 (N730K-2GD3/OCV5),1637693460.5226808,6 360 ₽,https://www.onlinetrade.ru/catalogue/videokarty-c338//catalogue/videokarty-c338/msi/videokarta_msi_geforce_gt_730_2048mb_oc_v5_n730k_2gd3_ocv5-2770032.html,True
onlinetrade,AMD Radeon RX 6600 XT ,MSI GeForce GT 730 2048Mb OC V5 (N730K-2GD3/OCV5),1637693460.5226808,6 360 ₽,https://www.onlinetrade.ru/catalogue/videokarty-c338//catalogue/videokarty-c338/msi/videokarta_msi_geforce_gt_730_2048mb_oc_v5_n730k_2gd3_ocv5-2770032.html,True
onlinetrade,NVIDIA GeForce RTX 3060 Ti ,MSI GeForce GT 730 2048Mb OC V5 (N730K-2GD3/OCV5),1637693460.5226808,6 360 ₽,https://www.onlinetrade.ru/catalogue/videokarty-c338//catalogue/videokarty-c338/msi/videokarta_msi_geforce_gt_730_2048mb_oc_v5_n730k_2gd3_ocv5-2770032.html,True
onlinetrade,NVIDIA GeForce GT 710 ,MSI GeForce GT 730 2048Mb OC V5 (N730K-2GD3/OCV5),1637693460.5226808,6 360 ₽,https://www.onlinetrade.ru/catalogue/videokarty-c338//catalogue/videokarty-c338/msi/videokarta_msi_geforce_gt_730_2048mb_oc_v5_n730k_2gd3_ocv5-2770032.html,True
onlinetrade,AMD Radeon RX 6700 XT ,MSI GeForce GT 730 2048Mb OC V5 (N730K-2GD3/OCV5),1637693460.5226808,6 360 ₽,https://www.onlinetrade.ru/catalogue/videokarty-c338//catalogue/videokarty-c338/msi/videokarta_msi_geforce_gt_730_2048mb_oc_v5_n730k_2gd3_ocv5-2770032.html,True
onlinetrade,NVIDIA GeForce GTX 1660 Ti ,MSI GeForce GT 730 2048Mb OC V5 (N730K-2GD3/OCV5),1637693460.5226808,6 360 ₽,https://www.onlinetrade.ru/catalogue/videokarty-c338//catalogue/videokarty-c338/msi/videokarta_msi_geforce_gt_730_2048mb_oc_v5_n730k_2gd3_ocv5-2770032.html,True
onlinetrade,AMD Radeon R5 230 ,MSI GeForce GT 730 2048Mb OC V5 (N730K-2GD3/OCV5),1637693460.5226808,6 360 ₽,https://www.onlinetrade.ru/catalogue/videokarty-c338//catalogue/videokarty-c338/msi/videokarta_msi_geforce_gt_730_2048mb_oc_v5_n730k_2gd3_ocv5-2770032.html,True
onlinetrade,NVIDIA GeForce RTX 3070 ,MSI GeForce GT 730 2048Mb OC V5 (N730K-2GD3/OCV5),1637693460.5226808,6 360 ₽,https://www.onlinetrade.ru/catalogue/videokarty-c338//catalogue/videokarty-c338/msi/videokarta_msi_geforce_gt_730_2048mb_oc_v5_n730k_2gd3_ocv5-2770032.html,True
onlinetrade,NVIDIA GeForce RTX 3060 Ti ,MSI GeForce GT 730 2048Mb OC V5 (N730K-2GD3/OCV5),1637693460.5226808,6 360 ₽,https://www.onlinetrade.ru/catalogue/videokarty-c338//catalogue/videokarty-c338/msi/videokarta_msi_geforce_gt_730_2048mb_oc_v5_n730k_2gd3_ocv5-2770032.html,True
onlinetrade,NVIDIA GeForce RTX 3060 ,MSI GeForce GT 730 2048Mb OC V5 (N730K-2GD3/OCV5),1637693460.5226808,6 360 ₽,https://www.onlinetrade.ru/catalogue/videokarty-c338//catalogue/videokarty-c338/msi/videokarta_msi_geforce_gt_730_2048mb_oc_v5_n730k_2gd3_ocv5-2770032.html,True
onlinetrade,AMD Radeon Pro WX 3200 ,MSI GeForce GT 730 2048Mb OC V5 (N730K-2GD3/OCV5),1637693460.5226808,6 360 ₽,https://www.onlinetrade.ru/catalogue/videokarty-c338//catalogue/videokarty-c338/msi/videokarta_msi_geforce_gt_730_2048mb_oc_v5_n730k_2gd3_ocv5-2770032.html,True
onlinetrade,NVIDIA GeForce RTX 3060 ,MSI GeForce GT 730 2048Mb OC V5 (N730K-2GD3/OCV5),1637693460.5226808,6 360 ₽,https://www.onlinetrade.ru/catalogue/videokarty-c338//catalogue/videokarty-c338/msi/videokarta_msi_geforce_gt_730_2048mb_oc_v5_n730k_2gd3_ocv5-2770032.html,True
onlinetrade,NVIDIA GeForce GTX 1660 Ti ,MSI GeForce GT 730 2048Mb OC V5 (N730K-2GD3/OCV5),1637693460.5226808,6 360 ₽,https://www.onlinetrade.ru/catalogue/videokarty-c338//catalogue/videokarty-c338/msi/videokarta_msi_geforce_gt_730_2048mb_oc_v5_n730k_2gd3_ocv5-2770032.html,True
onlinetrade,NVIDIA GeForce GT 730 ,MSI GeForce GT 730 2048Mb OC V5 (N730K-2GD3/OCV5),1637693460.5226808,6 360 ₽,https://www.onlinetrade.ru/catalogue/videokarty-c338//catalogue/videokarty-c338/msi/videokarta_msi_geforce_gt_730_2048mb_oc_v5_n730k_2gd3_ocv5-2770032.html,True
onlinetrade,NVIDIA GeForce GTX 1650 ,MSI GeForce GT 730 2048Mb OC V5 (N730K-2GD3/OCV5),1637693460.5226808,6 360 ₽,https://www.onlinetrade.ru/catalogue/videokarty-c338//catalogue/videokarty-c338/msi/videokarta_msi_geforce_gt_730_2048mb_oc_v5_n730k_2gd3_ocv5-2770032.html,True
onlinetrade,AMD Radeon RX 6800 ,MSI GeForce GT 730 2048Mb OC V5 (N730K-2GD3/OCV5),1637693460.5226808,6 360 ₽,https://www.onlinetrade.ru/catalogue/videokarty-c338//catalogue/videokarty-c338/msi/videokarta_msi_geforce_gt_730_2048mb_oc_v5_n730k_2gd3_ocv5-2770032.html,True
onlinetrade,NVIDIA GeForce RTX 3060 ,MSI GeForce GT 730 2048Mb OC V5 (N730K-2GD3/OCV5),1637693460.5226808,6 360 ₽,https://www.onlinetrade.ru/catalogue/videokarty-c338//catalogue/videokarty-c338/msi/videokarta_msi_geforce_gt_730_2048mb_oc_v5_n730k_2gd3_ocv5-2770032.html,True
onlinetrade,NVIDIA GeForce RTX 3090 ,MSI GeForce GT 730 2048Mb OC V5 (N730K-2GD3/OCV5),1637693460.5226808,6 360 ₽,https://www.onlinetrade.ru/catalogue/videokarty-c338//catalogue/videokarty-c338/msi/videokarta_msi_geforce_gt_730_2048mb_oc_v5_n730k_2gd3_ocv5-2770032.html,True
onlinetrade,NVIDIA GeForce GT 1030 ,MSI GeForce GT 730 2048Mb OC V5 (N730K-2GD3/OCV5),1637693460.5226808,6 360 ₽,https://www.onlinetrade.ru/catalogue/videokarty-c338//catalogue/videokarty-c338/msi/videokarta_msi_geforce_gt_730_2048mb_oc_v5_n730k_2gd3_ocv5-2770032.html,True
onlinetrade,NVIDIA GeForce GT 730 ,MSI GeForce GT 730 2048Mb OC V5 (N730K-2GD3/OCV5),1637693460.5226808,6 360 ₽,https://www.onlinetrade.ru/catalogue/videokarty-c338//catalogue/videokarty-c338/msi/videokarta_msi_geforce_gt_730_2048mb_oc_v5_n730k_2gd3_ocv5-2770032.html,True
onlinetrade,AMD Radeon RX 6600 ,MSI GeForce GT 730 2048Mb OC V5 (N730K-2GD3/OCV5),1637693460.5226808,6 360 ₽,https://www.onlinetrade.ru/catalogue/videokarty-c338//catalogue/videokarty-c338/msi/videokarta_msi_geforce_gt_730_2048mb_oc_v5_n730k_2gd3_ocv5-2770032.html,True
onlinetrade,NVIDIA GeForce RTX 3080 ,MSI GeForce GT 730 2048Mb OC V5 (N730K-2GD3/OCV5),1637693460.5226808,6 360 ₽,https://www.onlinetrade.ru/catalogue/videokarty-c338//catalogue/videokarty-c338/msi/videokarta_msi_geforce_gt_730_2048mb_oc_v5_n730k_2gd3_ocv5-2770032.html,True
onlinetrade,NVIDIA GeForce RTX 3080 ,MSI GeForce GT 730 2048Mb OC V5 (N730K-2GD3/OCV5),1637693460.5226808,6 360 ₽,https://www.onlinetrade.ru/catalogue/videokarty-c338//catalogue/videokarty-c338/msi/videokarta_msi_geforce_gt_730_2048mb_oc_v5_n730k_2gd3_ocv5-2770032.html,True
onlinetrade,NVIDIA GeForce RTX 3080 Ti ,MSI GeForce GT 730 2048Mb OC V5 (N730K-2GD3/OCV5),1637693460.5226808,6 360 ₽,https://www.onlinetrade.ru/catalogue/videokarty-c338//catalogue/videokarty-c338/msi/videokarta_msi_geforce_gt_730_2048mb_oc_v5_n730k_2gd3_ocv5-2770032.html,True
onlinetrade,NVIDIA GeForce RTX 3080 Ti ,MSI GeForce GT 730 2048Mb OC V5 (N730K-2GD3/OCV5),1637693460.5226808,6 360 ₽,https://www.onlinetrade.ru/catalogue/videokarty-c338//catalogue/videokarty-c338/msi/videokarta_msi_geforce_gt_730_2048mb_oc_v5_n730k_2gd3_ocv5-2770032.html,True
onlinetrade,NVIDIA GeForce RTX 3060 ,MSI GeForce GT 730 2048Mb OC V5 (N730K-2GD3/OCV5),1637693460.5226808,6 360 ₽,https://www.onlinetrade.ru/catalogue/videokarty-c338//catalogue/videokarty-c338/msi/videokarta_msi_geforce_gt_730_2048mb_oc_v5_n730k_2gd3_ocv5-2770032.html,True
onlinetrade,AMD Radeon RX 6700 XT ,MSI GeForce GT 730 2048Mb OC V5 (N730K-2GD3/OCV5),1637693460.5226808,6 360 ₽,https://www.onlinetrade.ru/catalogue/videokarty-c338//catalogue/videokarty-c338/msi/videokarta_msi_geforce_gt_730_2048mb_oc_v5_n730k_2gd3_ocv5-2770032.html,True
onlinetrade,NVIDIA GeForce RTX 3080 Ti ,AFOX Radeon R5 230 1024Mb LP (AFR5230-1024D3L9-V2),1637693465.893492,3 300 ₽,https://www.onlinetrade.ru/catalogue/videokarty-c338//catalogue/videokarty-c338/afox/videokarta_afox_radeon_r5_230_1024mb_lp_afr5230_1024d3l9_v2-2575824.html,True
onlinetrade,NVIDIA T400 ,AFOX Radeon R5 230 1024Mb LP (AFR5230-1024D3L9-V2),1637693465.893492,3 300 ₽,https://www.onlinetrade.ru/catalogue/videokarty-c338//catalogue/videokarty-c338/afox/videokarta_afox_radeon_r5_230_1024mb_lp_afr5230_1024d3l9_v2-2575824.html,True
onlinetrade,NVIDIA GeForce GT 730 ,AFOX Radeon R5 230 1024Mb LP (AFR5230-1024D3L9-V2),1637693465.893492,3 300 ₽,https://www.onlinetrade.ru/catalogue/videokarty-c338//catalogue/videokarty-c338/afox/videokarta_afox_radeon_r5_230_1024mb_lp_afr5230_1024d3l9_v2-2575824.html,True
onlinetrade,NVIDIA GeForce RTX 3070 ,AFOX Radeon R5 230 1024Mb LP (AFR5230-1024D3L9-V2),1637693465.893492,3 300 ₽,https://www.onlinetrade.ru/catalogue/videokarty-c338//catalogue/videokarty-c338/afox/videokarta_afox_radeon_r5_230_1024mb_lp_afr5230_1024d3l9_v2-2575824.html,True
onlinetrade,NVIDIA GeForce GTX 1650 ,AFOX Radeon R5 230 1024Mb LP (AFR5230-1024D3L9-V2),1637693465.893492,3 300 ₽,https://www.onlinetrade.ru/catalogue/videokarty-c338//catalogue/videokarty-c338/afox/videokarta_afox_radeon_r5_230_1024mb_lp_afr5230_1024d3l9_v2-2575824.html,True
onlinetrade,NVIDIA GeForce GT 730 ,AFOX Radeon R5 230 1024Mb LP (AFR5230-1024D3L9-V2),1637693465.893492,3 300 ₽,https://www.onlinetrade.ru/catalogue/videokarty-c338//catalogue/videokarty-c338/afox/videokarta_afox_radeon_r5_230_1024mb_lp_afr5230_1024d3l9_v2-2575824.html,True
onlinetrade,NVIDIA GeForce RTX 3070 ,AFOX Radeon R5 230 1024Mb LP (AFR5230-1024D3L9-V2),1637693465.893492,3 300 ₽,https://www.onlinetrade.ru/catalogue/videokarty-c338//catalogue/videokarty-c338/afox/videokarta_afox_radeon_r5_230_1024mb_lp_afr5230_1024d3l9_v2-2575824.html,True
onlinetrade,AMD Radeon RX 6700 XT ,AFOX Radeon R5 230 1024Mb LP (AFR5230-1024D3L9-V2),1637693465.893492,3 300 ₽,https://www.onlinetrade.ru/catalogue/videokarty-c338//catalogue/videokarty-c338/afox/videokarta_afox_radeon_r5_230_1024mb_lp_afr5230_1024d3l9_v2-2575824.html,True
onlinetrade,AMD Radeon R7 350 ,AFOX Radeon R5 230 1024Mb LP (AFR5230-1024D3L9-V2),1637693465.893492,3 300 ₽,https://www.onlinetrade.ru/catalogue/videokarty-c338//catalogue/videokarty-c338/afox/videokarta_afox_radeon_r5_230_1024mb_lp_afr5230_1024d3l9_v2-2575824.html,True
onlinetrade,NVIDIA GeForce GTX 1660 Ti ,AFOX Radeon R5 230 1024Mb LP (AFR5230-1024D3L9-V2),1637693465.893492,3 300 ₽,https://www.onlinetrade.ru/catalogue/videokarty-c338//catalogue/videokarty-c338/afox/videokarta_afox_radeon_r5_230_1024mb_lp_afr5230_1024d3l9_v2-2575824.html,True
onlinetrade,AMD Radeon RX 6700 XT ,AFOX Radeon R5 230 1024Mb LP (AFR5230-1024D3L9-V2),1637693465.893492,3 300 ₽,https://www.onlinetrade.ru/catalogue/videokarty-c338//catalogue/videokarty-c338/afox/videokarta_afox_radeon_r5_230_1024mb_lp_afr5230_1024d3l9_v2-2575824.html,True
onlinetrade,NVIDIA GeForce GTX 1650 ,AFOX Radeon R5 230 1024Mb LP (AFR5230-1024D3L9-V2),1637693465.893492,3 300 ₽,https://www.onlinetrade.ru/catalogue/videokarty-c338//catalogue/videokarty-c338/afox/videokarta_afox_radeon_r5_230_1024mb_lp_afr5230_1024d3l9_v2-2575824.html,True
onlinetrade,AMD Radeon RX 6600 ,PNY NVIDIA T400 2048Mb (VCNT400-PB),1637693468.4695902,11 999 ₽,https://www.onlinetrade.ru/catalogue/videokarty-c338//catalogue/videokarty-c338/pny/videokarta_pny_nvidia_t400_2048mb_vcnt400_pb-2816291.html,True
onlinetrade,NVIDIA GeForce RTX 3080 Ti ,PNY NVIDIA T400 2048Mb (VCNT400-PB),1637693468.4695902,11 999 ₽,https://www.onlinetrade.ru/catalogue/videokarty-c338//catalogue/videokarty-c338/pny/videokarta_pny_nvidia_t400_2048mb_vcnt400_pb-2816291.html,True
onlinetrade,NVIDIA GeForce RTX 3060 ,PNY NVIDIA T400 2048Mb (VCNT400-PB),1637693468.4695902,11 999 ₽,https://www.onlinetrade.ru/catalogue/videokarty-c338//catalogue/videokarty-c338/pny/videokarta_pny_nvidia_t400_2048mb_vcnt400_pb-2816291.html,True
onlinetrade,NVIDIA GeForce GT 220 ,PNY NVIDIA T400 2048Mb (VCNT400-PB),1637693468.4695902,11 999 ₽,https://www.onlinetrade.ru/catalogue/videokarty-c338//catalogue/videokarty-c338/pny/videokarta_pny_nvidia_t400_2048mb_vcnt400_pb-2816291.html,True
onlinetrade,AMD Radeon R5 230 ,PNY NVIDIA T400 2048Mb (VCNT400-PB),1637693468.4695902,11 999 ₽,https://www.onlinetrade.ru/catalogue/videokarty-c338//catalogue/videokarty-c338/pny/videokarta_pny_nvidia_t400_2048mb_vcnt400_pb-2816291.html,True
onlinetrade,NVIDIA GeForce GTX 1050 Ti ,DELL Nvidia Quadro T400 2048Mb (490-BGZT),1637693469.9581516,9 299 ₽,https://www.onlinetrade.ru/catalogue/videokarty-c338//catalogue/videokarty-c338/dell/videokarta_dell_nvidia_quadro_t400_2048mb_490_bgzt-2858022.html,True
onlinetrade,NVIDIA Quadro P400 ,DELL Nvidia Quadro T400 2048Mb (490-BGZT),1637693469.9581516,9 299 ₽,https://www.onlinetrade.ru/catalogue/videokarty-c338//catalogue/videokarty-c338/dell/videokarta_dell_nvidia_quadro_t400_2048mb_490_bgzt-2858022.html,True
onlinetrade,NVIDIA GeForce RTX 3070 ,DELL Nvidia Quadro T400 2048Mb (490-BGZT),1637693469.9581516,9 299 ₽,https://www.onlinetrade.ru/catalogue/videokarty-c338//catalogue/videokarty-c338/dell/videokarta_dell_nvidia_quadro_t400_2048mb_490_bgzt-2858022.html,True
onlinetrade,NVIDIA GeForce RTX 3060 Ti ,DELL Nvidia Quadro T400 2048Mb (490-BGZT),1637693469.9581516,9 299 ₽,https://www.onlinetrade.ru/catalogue/videokarty-c338//catalogue/videokarty-c338/dell/videokarta_dell_nvidia_quadro_t400_2048mb_490_bgzt-2858022.html,True
onlinetrade,NVIDIA T400 ,DELL Nvidia Quadro T400 2048Mb (490-BGZT),1637693469.9581516,9 299 ₽,https://www.onlinetrade.ru/catalogue/videokarty-c338//catalogue/videokarty-c338/dell/videokarta_dell_nvidia_quadro_t400_2048mb_490_bgzt-2858022.html,True
onlinetrade,NVIDIA GeForce RTX 3060 ,DELL Nvidia Quadro T400 2048Mb (490-BGZT),1637693469.9581516,9 299 ₽,https://www.onlinetrade.ru/catalogue/videokarty-c338//catalogue/videokarty-c338/dell/videokarta_dell_nvidia_quadro_t400_2048mb_490_bgzt-2858022.html,True
onlinetrade,AMD Radeon RX 6900 XT ,DELL Nvidia Quadro T400 2048Mb (490-BGZT),1637693469.9581516,9 299 ₽,https://www.onlinetrade.ru/catalogue/videokarty-c338//catalogue/videokarty-c338/dell/videokarta_dell_nvidia_quadro_t400_2048mb_490_bgzt-2858022.html,True
onlinetrade,NVIDIA GeForce RTX 3070 Ti ,DELL Nvidia Quadro T400 2048Mb (490-BGZT),1637693469.9581516,9 299 ₽,https://www.onlinetrade.ru/catalogue/videokarty-c338//catalogue/videokarty-c338/dell/videokarta_dell_nvidia_quadro_t400_2048mb_490_bgzt-2858022.html,True
onlinetrade,NVIDIA Quadro P2200 ,DELL Nvidia Quadro T400 2048Mb (490-BGZT),1637693469.9581516,9 299 ₽,https://www.onlinetrade.ru/catalogue/videokarty-c338//catalogue/videokarty-c338/dell/videokarta_dell_nvidia_quadro_t400_2048mb_490_bgzt-2858022.html,True
onlinetrade,AMD Radeon RX 6600 XT ,DELL Nvidia Quadro T400 2048Mb (490-BGZT),1637693469.9581516,9 299 ₽,https://www.onlinetrade.ru/catalogue/videokarty-c338//catalogue/videokarty-c338/dell/videokarta_dell_nvidia_quadro_t400_2048mb_490_bgzt-2858022.html,True
onlinetrade,NVIDIA T400 ,DELL Nvidia Quadro T400 2048Mb (490-BGZT),1637693469.9581516,9 299 ₽,https://www.onlinetrade.ru/catalogue/videokarty-c338//catalogue/videokarty-c338/dell/videokarta_dell_nvidia_quadro_t400_2048mb_490_bgzt-2858022.html,True
onlinetrade,NVIDIA GeForce GTX 1650 ,DELL Nvidia Quadro T400 2048Mb (490-BGZT),1637693469.9581516,9 299 ₽,https://www.onlinetrade.ru/catalogue/videokarty-c338//catalogue/videokarty-c338/dell/videokarta_dell_nvidia_quadro_t400_2048mb_490_bgzt-2858022.html,True
onlinetrade,NVIDIA GeForce RTX 3070 ,DELL Nvidia Quadro T400 2048Mb (490-BGZT),1637693469.9581516,9 299 ₽,https://www.onlinetrade.ru/catalogue/videokarty-c338//catalogue/videokarty-c338/dell/videokarta_dell_nvidia_quadro_t400_2048mb_490_bgzt-2858022.html,True
onlinetrade,NVIDIA GeForce GTX 1650 ,DELL Nvidia Quadro T400 2048Mb (490-BGZT),1637693469.9581516,9 299 ₽,https://www.onlinetrade.ru/catalogue/videokarty-c338//catalogue/videokarty-c338/dell/videokarta_dell_nvidia_quadro_t400_2048mb_490_bgzt-2858022.html,True
onlinetrade,NVIDIA Quadro P1000 ,DELL Nvidia Quadro T400 2048Mb (490-BGZT),1637693469.9581516,9 299 ₽,https://www.onlinetrade.ru/catalogue/videokarty-c338//catalogue/videokarty-c338/dell/videokarta_dell_nvidia_quadro_t400_2048mb_490_bgzt-2858022.html,True
onlinetrade,NVIDIA Quadro P400 ,DELL Nvidia Quadro T400 2048Mb (490-BGZT),1637693469.9581516,9 299 ₽,https://www.onlinetrade.ru/catalogue/videokarty-c338//catalogue/videokarty-c338/dell/videokarta_dell_nvidia_quadro_t400_2048mb_490_bgzt-2858022.html,True
onlinetrade,NVIDIA T400 ,DELL Nvidia Quadro T400 2048Mb (490-BGZT),1637693469.9581516,9 299 ₽,https://www.onlinetrade.ru/catalogue/videokarty-c338//catalogue/videokarty-c338/dell/videokarta_dell_nvidia_quadro_t400_2048mb_490_bgzt-2858022.html,True
onlinetrade,NVIDIA GeForce RTX 3060 ,DELL Nvidia Quadro T400 2048Mb (490-BGZT),1637693469.9581516,9 299 ₽,https://www.onlinetrade.ru/catalogue/videokarty-c338//catalogue/videokarty-c338/dell/videokarta_dell_nvidia_quadro_t400_2048mb_490_bgzt-2858022.html,True
onlinetrade,AMD Radeon RX 560 ,DELL Nvidia Quadro T400 2048Mb (490-BGZT),1637693469.9581516,9 299 ₽,https://www.onlinetrade.ru/catalogue/videokarty-c338//catalogue/videokarty-c338/dell/videokarta_dell_nvidia_quadro_t400_2048mb_490_bgzt-2858022.html,True
onlinetrade,NVIDIA GeForce RTX 3070 ,DELL Nvidia Quadro T400 2048Mb (490-BGZT),1637693469.9581516,9 299 ₽,https://www.onlinetrade.ru/catalogue/videokarty-c338//catalogue/videokarty-c338/dell/videokarta_dell_nvidia_quadro_t400_2048mb_490_bgzt-2858022.html,True
onlinetrade,NVIDIA Quadro P620 ,DELL Nvidia Quadro T400 2048Mb (490-BGZT),1637693469.9581516,9 299 ₽,https://www.onlinetrade.ru/catalogue/videokarty-c338//catalogue/videokarty-c338/dell/videokarta_dell_nvidia_quadro_t400_2048mb_490_bgzt-2858022.html,True
onlinetrade,NVIDIA GeForce RTX 2060 Super ,DELL Nvidia Quadro T400 2048Mb (490-BGZT),1637693469.9581516,9 299 ₽,https://www.onlinetrade.ru/catalogue/videokarty-c338//catalogue/videokarty-c338/dell/videokarta_dell_nvidia_quadro_t400_2048mb_490_bgzt-2858022.html,True
onlinetrade,AMD Radeon R5 230 ,DELL Nvidia Quadro T400 2048Mb (490-BGZT),1637693469.9581516,9 299 ₽,https://www.onlinetrade.ru/catalogue/videokarty-c338//catalogue/videokarty-c338/dell/videokarta_dell_nvidia_quadro_t400_2048mb_490_bgzt-2858022.html,True
onlinetrade,AMD Radeon RX 6900 XT ,DELL Nvidia Quadro T400 2048Mb (490-BGZT),1637693469.9581516,9 299 ₽,https://www.onlinetrade.ru/catalogue/videokarty-c338//catalogue/videokarty-c338/dell/videokarta_dell_nvidia_quadro_t400_2048mb_490_bgzt-2858022.html,True
onlinetrade,NVIDIA GeForce GTX 1650 Super ,DELL Nvidia Quadro T400 2048Mb (490-BGZT),1637693469.9581516,9 299 ₽,https://www.onlinetrade.ru/catalogue/videokarty-c338//catalogue/videokarty-c338/dell/videokarta_dell_nvidia_quadro_t400_2048mb_490_bgzt-2858022.html,True
onlinetrade,NVIDIA Quadro P2000 ,DELL Nvidia Quadro T400 2048Mb (490-BGZT),1637693469.9581516,9 299 ₽,https://www.onlinetrade.ru/catalogue/videokarty-c338//catalogue/videokarty-c338/dell/videokarta_dell_nvidia_quadro_t400_2048mb_490_bgzt-2858022.html,True
onlinetrade,NVIDIA GeForce GTX 1660 Super ,DELL Nvidia Quadro T400 2048Mb (490-BGZT),1637693469.9581516,9 299 ₽,https://www.onlinetrade.ru/catalogue/videokarty-c338//catalogue/videokarty-c338/dell/videokarta_dell_nvidia_quadro_t400_2048mb_490_bgzt-2858022.html,True
onlinetrade,NVIDIA GeForce RTX 3060 ,DELL Nvidia Quadro T400 2048Mb (490-BGZT),1637693469.9581516,9 299 ₽,https://www.onlinetrade.ru/catalogue/videokarty-c338//catalogue/videokarty-c338/dell/videokarta_dell_nvidia_quadro_t400_2048mb_490_bgzt-2858022.html,True
onlinetrade,NVIDIA GeForce GT 730 ,DELL Nvidia Quadro T400 2048Mb (490-BGZT),1637693469.9581516,9 299 ₽,https://www.onlinetrade.ru/catalogue/videokarty-c338//catalogue/videokarty-c338/dell/videokarta_dell_nvidia_quadro_t400_2048mb_490_bgzt-2858022.html,True
onlinetrade,NVIDIA GeForce RTX 3060 Ti ,DELL Quadro P400 PCI-E 3.0 2048Mb 64 bit for Precision MT (490-BDTB),1637693474.668876,10 300 ₽,https://www.onlinetrade.ru/catalogue/videokarty-c338//catalogue/videokarty-c338/dell/videokarta_dell_quadro_p400_pci_e_3.0_2048mb_64_bit_for_precision_mt_490_bdtb-1766220.html,True
onlinetrade,NVIDIA GeForce RTX 3060 Ti ,DELL Quadro P400 PCI-E 3.0 2048Mb 64 bit for Precision MT (490-BDTB),1637693474.668876,10 300 ₽,https://www.onlinetrade.ru/catalogue/videokarty-c338//catalogue/videokarty-c338/dell/videokarta_dell_quadro_p400_pci_e_3.0_2048mb_64_bit_for_precision_mt_490_bdtb-1766220.html,True
onlinetrade,NVIDIA Quadro P400 ,DELL Quadro P400 PCI-E 3.0 2048Mb 64 bit for Precision MT (490-BDTB),1637693474.668876,10 300 ₽,https://www.onlinetrade.ru/catalogue/videokarty-c338//catalogue/videokarty-c338/dell/videokarta_dell_quadro_p400_pci_e_3.0_2048mb_64_bit_for_precision_mt_490_bdtb-1766220.html,True
onlinetrade,NVIDIA GeForce GT 730 ,DELL Quadro P400 PCI-E 3.0 2048Mb 64 bit for Precision MT (490-BDTB),1637693474.668876,10 300 ₽,https://www.onlinetrade.ru/catalogue/videokarty-c338//catalogue/videokarty-c338/dell/videokarta_dell_quadro_p400_pci_e_3.0_2048mb_64_bit_for_precision_mt_490_bdtb-1766220.html,True
onlinetrade,AMD Radeon RX 5500 XT ,DELL Quadro P400 PCI-E 3.0 2048Mb 64 bit for Precision MT (490-BDTB),1637693474.668876,10 300 ₽,https://www.onlinetrade.ru/catalogue/videokarty-c338//catalogue/videokarty-c338/dell/videokarta_dell_quadro_p400_pci_e_3.0_2048mb_64_bit_for_precision_mt_490_bdtb-1766220.html,True
onlinetrade,NVIDIA GeForce RTX 3080 Ti ,DELL Quadro P400 PCI-E 3.0 2048Mb 64 bit for Precision MT (490-BDTB),1637693474.668876,10 300 ₽,https://www.onlinetrade.ru/catalogue/videokarty-c338//catalogue/videokarty-c338/dell/videokarta_dell_quadro_p400_pci_e_3.0_2048mb_64_bit_for_precision_mt_490_bdtb-1766220.html,True
onlinetrade,NVIDIA T400 ,DELL Quadro P400 PCI-E 3.0 2048Mb 64 bit for Precision MT (490-BDTB),1637693474.668876,10 300 ₽,https://www.onlinetrade.ru/catalogue/videokarty-c338//catalogue/videokarty-c338/dell/videokarta_dell_quadro_p400_pci_e_3.0_2048mb_64_bit_for_precision_mt_490_bdtb-1766220.html,True
onlinetrade,NVIDIA GeForce RTX 3080 ,DELL Quadro P400 PCI-E 3.0 2048Mb 64 bit for Precision MT (490-BDTB),1637693474.668876,10 300 ₽,https://www.onlinetrade.ru/catalogue/videokarty-c338//catalogue/videokarty-c338/dell/videokarta_dell_quadro_p400_pci_e_3.0_2048mb_64_bit_for_precision_mt_490_bdtb-1766220.html,True
onlinetrade,NVIDIA GeForce RTX 3060 Ti ,DELL Quadro P400 PCI-E 3.0 2048Mb 64 bit for Precision MT (490-BDTB),1637693474.668876,10 300 ₽,https://www.onlinetrade.ru/catalogue/videokarty-c338//catalogue/videokarty-c338/dell/videokarta_dell_quadro_p400_pci_e_3.0_2048mb_64_bit_for_precision_mt_490_bdtb-1766220.html,True
onlinetrade,NVIDIA GeForce GTX 1660 ,DELL Quadro P400 PCI-E 3.0 2048Mb 64 bit for Precision MT (490-BDTB),1637693474.668876,10 300 ₽,https://www.onlinetrade.ru/catalogue/videokarty-c338//catalogue/videokarty-c338/dell/videokarta_dell_quadro_p400_pci_e_3.0_2048mb_64_bit_for_precision_mt_490_bdtb-1766220.html,True
onlinetrade,NVIDIA GeForce GTX 1050 Ti ,DELL Quadro P400 PCI-E 3.0 2048Mb 64 bit for Precision MT (490-BDTB),1637693474.668876,10 300 ₽,https://www.onlinetrade.ru/catalogue/videokarty-c338//catalogue/videokarty-c338/dell/videokarta_dell_quadro_p400_pci_e_3.0_2048mb_64_bit_for_precision_mt_490_bdtb-1766220.html,True
onlinetrade,NVIDIA GeForce RTX 3080 ,DELL Quadro P400 PCI-E 3.0 2048Mb 64 bit for Precision MT (490-BDTB),1637693474.668876,10 300 ₽,https://www.onlinetrade.ru/catalogue/videokarty-c338//catalogue/videokarty-c338/dell/videokarta_dell_quadro_p400_pci_e_3.0_2048mb_64_bit_for_precision_mt_490_bdtb-1766220.html,True
onlinetrade,NVIDIA GeForce RTX 3060 Ti ,DELL Quadro P400 PCI-E 3.0 2048Mb 64 bit for Precision MT (490-BDTB),1637693474.668876,10 300 ₽,https://www.onlinetrade.ru/catalogue/videokarty-c338//catalogue/videokarty-c338/dell/videokarta_dell_quadro_p400_pci_e_3.0_2048mb_64_bit_for_precision_mt_490_bdtb-1766220.html,True
onlinetrade,NVIDIA GeForce RTX 3080 ,DELL Quadro P400 PCI-E 3.0 2048Mb 64 bit for Precision MT (490-BDTB),1637693474.668876,10 300 ₽,https://www.onlinetrade.ru/catalogue/videokarty-c338//catalogue/videokarty-c338/dell/videokarta_dell_quadro_p400_pci_e_3.0_2048mb_64_bit_for_precision_mt_490_bdtb-1766220.html,True
onlinetrade,NVIDIA GeForce RTX 3090 ,DELL Quadro P400 PCI-E 3.0 2048Mb 64 bit for Precision MT (490-BDTB),1637693474.668876,10 300 ₽,https://www.onlinetrade.ru/catalogue/videokarty-c338//catalogue/videokarty-c338/dell/videokarta_dell_quadro_p400_pci_e_3.0_2048mb_64_bit_for_precision_mt_490_bdtb-1766220.html,True
onlinetrade,NVIDIA Quadro P400 ,DELL Quadro P400 PCI-E 3.0 2048Mb 64 bit for Precision MT (490-BDTB),1637693474.668876,10 300 ₽,https://www.onlinetrade.ru/catalogue/videokarty-c338//catalogue/videokarty-c338/dell/videokarta_dell_quadro_p400_pci_e_3.0_2048mb_64_bit_for_precision_mt_490_bdtb-1766220.html,True
onlinetrade,NVIDIA GeForce GT 730 ,DELL Quadro P400 PCI-E 3.0 2048Mb 64 bit for Precision MT (490-BDTB),1637693474.668876,10 300 ₽,https://www.onlinetrade.ru/catalogue/videokarty-c338//catalogue/videokarty-c338/dell/videokarta_dell_quadro_p400_pci_e_3.0_2048mb_64_bit_for_precision_mt_490_bdtb-1766220.html,True
onlinetrade,NVIDIA GeForce GTX 1050 Ti ,MSI GeForce GTX 1050 Ti 1341Mhz PCI-E 3.0 4096Mb 7008Mhz 128 bit DVI HDMI HDCP (GTX 1050 TI 4GT OC),1637693478.650052,30 999 ₽,https://www.onlinetrade.ru/catalogue/videokarty-c338//catalogue/videokarty-c338/msi/videokarta_msi_geforce_gtx_1050_ti_1341mhz_pci_e_3.0_4096mb_7008mhz_128_bit_dvi_hdmi_hdcp_gtx_1050_ti_4gt_oc-700330.html,True
onlinetrade,NVIDIA GeForce RTX 3080 ,MSI GeForce GTX 1050 Ti 1341Mhz PCI-E 3.0 4096Mb 7008Mhz 128 bit DVI HDMI HDCP (GTX 1050 TI 4GT OC),1637693478.650052,30 999 ₽,https://www.onlinetrade.ru/catalogue/videokarty-c338//catalogue/videokarty-c338/msi/videokarta_msi_geforce_gtx_1050_ti_1341mhz_pci_e_3.0_4096mb_7008mhz_128_bit_dvi_hdmi_hdcp_gtx_1050_ti_4gt_oc-700330.html,True
onlinetrade,NVIDIA GeForce RTX 3060 Ti ,MSI GeForce GTX 1050 Ti 1341Mhz PCI-E 3.0 4096Mb 7008Mhz 128 bit DVI HDMI HDCP (GTX 1050 TI 4GT OC),1637693478.650052,30 999 ₽,https://www.onlinetrade.ru/catalogue/videokarty-c338//catalogue/videokarty-c338/msi/videokarta_msi_geforce_gtx_1050_ti_1341mhz_pci_e_3.0_4096mb_7008mhz_128_bit_dvi_hdmi_hdcp_gtx_1050_ti_4gt_oc-700330.html,True
onlinetrade,NVIDIA GeForce GT 730 ,MSI GeForce GTX 1050 Ti 1341Mhz PCI-E 3.0 4096Mb 7008Mhz 128 bit DVI HDMI HDCP (GTX 1050 TI 4GT OC),1637693478.650052,30 999 ₽,https://www.onlinetrade.ru/catalogue/videokarty-c338//catalogue/videokarty-c338/msi/videokarta_msi_geforce_gtx_1050_ti_1341mhz_pci_e_3.0_4096mb_7008mhz_128_bit_dvi_hdmi_hdcp_gtx_1050_ti_4gt_oc-700330.html,True
onlinetrade,NVIDIA GeForce GT 740 ,MSI GeForce GTX 1050 Ti 1341Mhz PCI-E 3.0 4096Mb 7008Mhz 128 bit DVI HDMI HDCP (GTX 1050 TI 4GT OC),1637693478.650052,30 999 ₽,https://www.onlinetrade.ru/catalogue/videokarty-c338//catalogue/videokarty-c338/msi/videokarta_msi_geforce_gtx_1050_ti_1341mhz_pci_e_3.0_4096mb_7008mhz_128_bit_dvi_hdmi_hdcp_gtx_1050_ti_4gt_oc-700330.html,True
onlinetrade,AMD Radeon R5 230 ,MSI GeForce GTX 1050 Ti 1341Mhz PCI-E 3.0 4096Mb 7008Mhz 128 bit DVI HDMI HDCP (GTX 1050 TI 4GT OC),1637693478.650052,30 999 ₽,https://www.onlinetrade.ru/catalogue/videokarty-c338//catalogue/videokarty-c338/msi/videokarta_msi_geforce_gtx_1050_ti_1341mhz_pci_e_3.0_4096mb_7008mhz_128_bit_dvi_hdmi_hdcp_gtx_1050_ti_4gt_oc-700330.html,True
onlinetrade,NVIDIA GeForce RTX 3080 ,MSI GeForce GTX 1050 Ti 1341Mhz PCI-E 3.0 4096Mb 7008Mhz 128 bit DVI HDMI HDCP (GTX 1050 TI 4GT OC),1637693478.650052,30 999 ₽,https://www.onlinetrade.ru/catalogue/videokarty-c338//catalogue/videokarty-c338/msi/videokarta_msi_geforce_gtx_1050_ti_1341mhz_pci_e_3.0_4096mb_7008mhz_128_bit_dvi_hdmi_hdcp_gtx_1050_ti_4gt_oc-700330.html,True
onlinetrade,NVIDIA GeForce RTX 3070 ,MSI GeForce GTX 1050 Ti 1341Mhz PCI-E 3.0 4096Mb 7008Mhz 128 bit DVI HDMI HDCP (GTX 1050 TI 4GT OC),1637693478.650052,30 999 ₽,https://www.onlinetrade.ru/catalogue/videokarty-c338//catalogue/videokarty-c338/msi/videokarta_msi_geforce_gtx_1050_ti_1341mhz_pci_e_3.0_4096mb_7008mhz_128_bit_dvi_hdmi_hdcp_gtx_1050_ti_4gt_oc-700330.html,True
onlinetrade,NVIDIA GeForce RTX 3080 ,MSI GeForce GTX 1050 Ti 1341Mhz PCI-E 3.0 4096Mb 7008Mhz 128 bit DVI HDMI HDCP (GTX 1050 TI 4GT OC),1637693478.650052,30 999 ₽,https://www.onlinetrade.ru/catalogue/videokarty-c338//catalogue/videokarty-c338/msi/videokarta_msi_geforce_gtx_1050_ti_1341mhz_pci_e_3.0_4096mb_7008mhz_128_bit_dvi_hdmi_hdcp_gtx_1050_ti_4gt_oc-700330.html,True
onlinetrade,NVIDIA Quadro P400 ,PNY Quadro RTX 4000 PCI-E 3.0 8192 Mb 256 bit (VCQRTX4000-PB),1637693479.9779408,102 000 ₽,https://www.onlinetrade.ru/catalogue/videokarty-c338//catalogue/videokarty-c338/pny/videokarta_pny_quadro_rtx_4000_pci_e_3.0_8192_mb_256_bit_vcqrtx4000_pb-1781490.html,True
onlinetrade,NVIDIA GeForce GT 730 ,PNY Quadro RTX 4000 PCI-E 3.0 8192 Mb 256 bit (VCQRTX4000-PB),1637693479.9779408,102 000 ₽,https://www.onlinetrade.ru/catalogue/videokarty-c338//catalogue/videokarty-c338/pny/videokarta_pny_quadro_rtx_4000_pci_e_3.0_8192_mb_256_bit_vcqrtx4000_pb-1781490.html,True
onlinetrade,NVIDIA GeForce GTX 1050 Ti ,PNY Quadro RTX 4000 PCI-E 3.0 8192 Mb 256 bit (VCQRTX4000-PB),1637693479.9779408,102 000 ₽,https://www.onlinetrade.ru/catalogue/videokarty-c338//catalogue/videokarty-c338/pny/videokarta_pny_quadro_rtx_4000_pci_e_3.0_8192_mb_256_bit_vcqrtx4000_pb-1781490.html,True
onlinetrade,NVIDIA GeForce GTX 1650 ,HUAWEI Atlas 300 32768Mb AI Accelerator Card,1637693481.0075045,169 700 ₽,https://www.onlinetrade.ru/catalogue/videokarty-c338//catalogue/videokarty-c338/huawei/videokarta_huawei_atlas_300_32768mb_ai_accelerator_card_02312jpm-2038075.html,True
onlinetrade,NVIDIA GeForce GTX 1660 Ti ,HUAWEI Atlas 300 32768Mb AI Accelerator Card,1637693481.0075045,169 700 ₽,https://www.onlinetrade.ru/catalogue/videokarty-c338//catalogue/videokarty-c338/huawei/videokarta_huawei_atlas_300_32768mb_ai_accelerator_card_02312jpm-2038075.html,True
onlinetrade,NVIDIA GeForce GTX 1650 ,HUAWEI Atlas 300 32768Mb AI Accelerator Card,1637693481.0075045,169 700 ₽,https://www.onlinetrade.ru/catalogue/videokarty-c338//catalogue/videokarty-c338/huawei/videokarta_huawei_atlas_300_32768mb_ai_accelerator_card_02312jpm-2038075.html,True
onlinetrade,NVIDIA Quadro P620 ,HUAWEI Atlas 300 32768Mb AI Accelerator Card,1637693481.0075045,169 700 ₽,https://www.onlinetrade.ru/catalogue/videokarty-c338//catalogue/videokarty-c338/huawei/videokarta_huawei_atlas_300_32768mb_ai_accelerator_card_02312jpm-2038075.html,True
onlinetrade,NVIDIA Quadro T600 ,HUAWEI Atlas 300 32768Mb AI Accelerator Card,1637693481.0075045,169 700 ₽,https://www.onlinetrade.ru/catalogue/videokarty-c338//catalogue/videokarty-c338/huawei/videokarta_huawei_atlas_300_32768mb_ai_accelerator_card_02312jpm-2038075.html,True
onlinetrade,NVIDIA GeForce GTX 1050 Ti ,HUAWEI Atlas 300 32768Mb AI Accelerator Card,1637693481.0075045,169 700 ₽,https://www.onlinetrade.ru/catalogue/videokarty-c338//catalogue/videokarty-c338/huawei/videokarta_huawei_atlas_300_32768mb_ai_accelerator_card_02312jpm-2038075.html,True
onlinetrade,AMD Radeon RX 6900 XT ,HUAWEI Atlas 300 32768Mb AI Accelerator Card,1637693481.0075045,169 700 ₽,https://www.onlinetrade.ru/catalogue/videokarty-c338//catalogue/videokarty-c338/huawei/videokarta_huawei_atlas_300_32768mb_ai_accelerator_card_02312jpm-2038075.html,True
onlinetrade,AMD Radeon Pro WX 2100 ,HUAWEI Atlas 300 32768Mb AI Accelerator Card,1637693481.0075045,169 700 ₽,https://www.onlinetrade.ru/catalogue/videokarty-c338//catalogue/videokarty-c338/huawei/videokarta_huawei_atlas_300_32768mb_ai_accelerator_card_02312jpm-2038075.html,True
onlinetrade,NVIDIA GeForce RTX 3090 ,HUAWEI Atlas 300 32768Mb AI Accelerator Card,1637693481.0075045,169 700 ₽,https://www.onlinetrade.ru/catalogue/videokarty-c338//catalogue/videokarty-c338/huawei/videokarta_huawei_atlas_300_32768mb_ai_accelerator_card_02312jpm-2038075.html,True
onlinetrade,NVIDIA GeForce GT 1030 ,HUAWEI Atlas 300 32768Mb AI Accelerator Card,1637693481.0075045,169 700 ₽,https://www.onlinetrade.ru/catalogue/videokarty-c338//catalogue/videokarty-c338/huawei/videokarta_huawei_atlas_300_32768mb_ai_accelerator_card_02312jpm-2038075.html,True
onlinetrade,NVIDIA Quadro RTX4000 ,HUAWEI Atlas 300 32768Mb AI Accelerator Card,1637693481.0075045,169 700 ₽,https://www.onlinetrade.ru/catalogue/videokarty-c338//catalogue/videokarty-c338/huawei/videokarta_huawei_atlas_300_32768mb_ai_accelerator_card_02312jpm-2038075.html,True
onlinetrade,NVIDIA RTX A5000 ,HUAWEI Atlas 300 32768Mb AI Accelerator Card,1637693481.0075045,169 700 ₽,https://www.onlinetrade.ru/catalogue/videokarty-c338//catalogue/videokarty-c338/huawei/videokarta_huawei_atlas_300_32768mb_ai_accelerator_card_02312jpm-2038075.html,True
onlinetrade,NVIDIA GeForce GT 730 ,HUAWEI Atlas 300 32768Mb AI Accelerator Card,1637693481.0075045,169 700 ₽,https://www.onlinetrade.ru/catalogue/videokarty-c338//catalogue/videokarty-c338/huawei/videokarta_huawei_atlas_300_32768mb_ai_accelerator_card_02312jpm-2038075.html,True
onlinetrade,NVIDIA Quadro RTX4000 ,HUAWEI Atlas 300 32768Mb AI Accelerator Card,1637693481.0075045,169 700 ₽,https://www.onlinetrade.ru/catalogue/videokarty-c338//catalogue/videokarty-c338/huawei/videokarta_huawei_atlas_300_32768mb_ai_accelerator_card_02312jpm-2038075.html,True
onlinetrade,NVIDIA GeForce GTX 1660 ,HUAWEI Atlas 300 32768Mb AI Accelerator Card,1637693481.0075045,169 700 ₽,https://www.onlinetrade.ru/catalogue/videokarty-c338//catalogue/videokarty-c338/huawei/videokarta_huawei_atlas_300_32768mb_ai_accelerator_card_02312jpm-2038075.html,True
onlinetrade,NVIDIA GeForce GTX 1660 Ti ,HUAWEI Atlas 300 32768Mb AI Accelerator Card,1637693481.0075045,169 700 ₽,https://www.onlinetrade.ru/catalogue/videokarty-c338//catalogue/videokarty-c338/huawei/videokarta_huawei_atlas_300_32768mb_ai_accelerator_card_02312jpm-2038075.html,True
onlinetrade,NVIDIA GeForce RTX 3080 ,HUAWEI Atlas 300 32768Mb AI Accelerator Card,1637693481.0075045,169 700 ₽,https://www.onlinetrade.ru/catalogue/videokarty-c338//catalogue/videokarty-c338/huawei/videokarta_huawei_atlas_300_32768mb_ai_accelerator_card_02312jpm-2038075.html,True
onlinetrade,Atlas ,HUAWEI Atlas 300 32768Mb AI Accelerator Card,1637693481.0075045,169 700 ₽,https://www.onlinetrade.ru/catalogue/videokarty-c338//catalogue/videokarty-c338/huawei/videokarta_huawei_atlas_300_32768mb_ai_accelerator_card_02312jpm-2038075.html,True
onlinetrade,NVIDIA Tesla K40C ,HUAWEI Atlas 300 32768Mb AI Accelerator Card,1637693481.0075045,169 700 ₽,https://www.onlinetrade.ru/catalogue/videokarty-c338//catalogue/videokarty-c338/huawei/videokarta_huawei_atlas_300_32768mb_ai_accelerator_card_02312jpm-2038075.html,True
onlinetrade,M9128 ,HUAWEI Atlas 300 32768Mb AI Accelerator Card,1637693481.0075045,169 700 ₽,https://www.onlinetrade.ru/catalogue/videokarty-c338//catalogue/videokarty-c338/huawei/videokarta_huawei_atlas_300_32768mb_ai_accelerator_card_02312jpm-2038075.html,True
onlinetrade,AMD Radeon RX 560 ,HUAWEI Atlas 300 32768Mb AI Accelerator Card,1637693481.0075045,169 700 ₽,https://www.onlinetrade.ru/catalogue/videokarty-c338//catalogue/videokarty-c338/huawei/videokarta_huawei_atlas_300_32768mb_ai_accelerator_card_02312jpm-2038075.html,True
onlinetrade,C420 ,HUAWEI Atlas 300 32768Mb AI Accelerator Card,1637693481.0075045,169 700 ₽,https://www.onlinetrade.ru/catalogue/videokarty-c338//catalogue/videokarty-c338/huawei/videokarta_huawei_atlas_300_32768mb_ai_accelerator_card_02312jpm-2038075.html,True
onlinetrade,NVIDIA GeForce GTX 1650 ,HUAWEI Atlas 300 32768Mb AI Accelerator Card,1637693481.0075045,169 700 ₽,https://www.onlinetrade.ru/catalogue/videokarty-c338//catalogue/videokarty-c338/huawei/videokarta_huawei_atlas_300_32768mb_ai_accelerator_card_02312jpm-2038075.html,True
onlinetrade,NVIDIA GeForce RTX 2060 ,HUAWEI Atlas 300 32768Mb AI Accelerator Card,1637693481.0075045,169 700 ₽,https://www.onlinetrade.ru/catalogue/videokarty-c338//catalogue/videokarty-c338/huawei/videokarta_huawei_atlas_300_32768mb_ai_accelerator_card_02312jpm-2038075.html,True
onlinetrade,NVIDIA GeForce GTX 1650 ,HUAWEI Atlas 300 32768Mb AI Accelerator Card,1637693481.0075045,169 700 ₽,https://www.onlinetrade.ru/catalogue/videokarty-c338//catalogue/videokarty-c338/huawei/videokarta_huawei_atlas_300_32768mb_ai_accelerator_card_02312jpm-2038075.html,True
onlinetrade,NVIDIA Quadro RTX6000 ,HUAWEI Atlas 300 32768Mb AI Accelerator Card,1637693481.0075045,169 700 ₽,https://www.onlinetrade.ru/catalogue/videokarty-c338//catalogue/videokarty-c338/huawei/videokarta_huawei_atlas_300_32768mb_ai_accelerator_card_02312jpm-2038075.html,True
onlinetrade,NVIDIA Quadro RTX8000 ,HUAWEI Atlas 300 32768Mb AI Accelerator Card,1637693481.0075045,169 700 ₽,https://www.onlinetrade.ru/catalogue/videokarty-c338//catalogue/videokarty-c338/huawei/videokarta_huawei_atlas_300_32768mb_ai_accelerator_card_02312jpm-2038075.html,True
onlinetrade,NVIDIA Quadro RTX6000 ,HUAWEI Atlas 300 32768Mb AI Accelerator Card,1637693481.0075045,169 700 ₽,https://www.onlinetrade.ru/catalogue/videokarty-c338//catalogue/videokarty-c338/huawei/videokarta_huawei_atlas_300_32768mb_ai_accelerator_card_02312jpm-2038075.html,True
onlinetrade,NVIDIA Quadro GP100 ,HUAWEI Atlas 300 32768Mb AI Accelerator Card,1637693481.0075045,169 700 ₽,https://www.onlinetrade.ru/catalogue/videokarty-c338//catalogue/videokarty-c338/huawei/videokarta_huawei_atlas_300_32768mb_ai_accelerator_card_02312jpm-2038075.html,True
onlinetrade,NVIDIA Tesla T4 ,PNY Quadro P1000 V2 4096Mb (VCQP1000V2BLK-5),1637693485.6627653,35 800 ₽,https://www.onlinetrade.ru/catalogue/videokarty-c338//catalogue/videokarty-c338/pny/videokarta_pny_quadro_p1000_v2_4096mb_vcqp1000v2blk_5-2635611.html,True
onlinetrade,NVIDIA GeForce GT 1030 ,PNY Quadro P1000 V2 4096Mb (VCQP1000V2BLK-5),1637693485.6627653,35 800 ₽,https://www.onlinetrade.ru/catalogue/videokarty-c338//catalogue/videokarty-c338/pny/videokarta_pny_quadro_p1000_v2_4096mb_vcqp1000v2blk_5-2635611.html,True
onlinetrade,NVIDIA GeForce GTX 1050 Ti ,PNY Quadro P1000 V2 4096Mb (VCQP1000V2BLK-5),1637693485.6627653,35 800 ₽,https://www.onlinetrade.ru/catalogue/videokarty-c338//catalogue/videokarty-c338/pny/videokarta_pny_quadro_p1000_v2_4096mb_vcqp1000v2blk_5-2635611.html,True
onlinetrade,AMD Radeon RX 6900 XT ,PNY Quadro P1000 V2 4096Mb (VCQP1000V2BLK-5),1637693485.6627653,35 800 ₽,https://www.onlinetrade.ru/catalogue/videokarty-c338//catalogue/videokarty-c338/pny/videokarta_pny_quadro_p1000_v2_4096mb_vcqp1000v2blk_5-2635611.html,True
onlinetrade,NVIDIA GeForce RTX 3070 Ti ,PNY Quadro P1000 V2 4096Mb (VCQP1000V2BLK-5),1637693485.6627653,35 800 ₽,https://www.onlinetrade.ru/catalogue/videokarty-c338//catalogue/videokarty-c338/pny/videokarta_pny_quadro_p1000_v2_4096mb_vcqp1000v2blk_5-2635611.html,True
onlinetrade,NVIDIA Quadro T1000 ,PNY Quadro P1000 V2 4096Mb (VCQP1000V2BLK-5),1637693485.6627653,35 800 ₽,https://www.onlinetrade.ru/catalogue/videokarty-c338//catalogue/videokarty-c338/pny/videokarta_pny_quadro_p1000_v2_4096mb_vcqp1000v2blk_5-2635611.html,True
onlinetrade,NVIDIA GeForce RTX 3080 ,PNY Quadro P1000 V2 4096Mb (VCQP1000V2BLK-5),1637693485.6627653,35 800 ₽,https://www.onlinetrade.ru/catalogue/videokarty-c338//catalogue/videokarty-c338/pny/videokarta_pny_quadro_p1000_v2_4096mb_vcqp1000v2blk_5-2635611.html,True
onlinetrade,NVIDIA GeForce RTX 3060 ,PNY Quadro RTX 5000 16384Mb (VCQRTX5000-BLK) OEM,1637693487.700138,195 600 ₽,https://www.onlinetrade.ru/catalogue/videokarty-c338//catalogue/videokarty-c338/pny/videokarta_pny_quadro_rtx_5000_16384mb_vcqrtx5000_blk_oem-2769717.html,True
onlinetrade,NVIDIA GeForce GTX 1650 ,PNY Quadro RTX 5000 16384Mb (VCQRTX5000-BLK) OEM,1637693487.700138,195 600 ₽,https://www.onlinetrade.ru/catalogue/videokarty-c338//catalogue/videokarty-c338/pny/videokarta_pny_quadro_rtx_5000_16384mb_vcqrtx5000_blk_oem-2769717.html,True
onlinetrade,NVIDIA Quadro P1000 ,PNY Quadro RTX 5000 16384Mb (VCQRTX5000-BLK) OEM,1637693487.700138,195 600 ₽,https://www.onlinetrade.ru/catalogue/videokarty-c338//catalogue/videokarty-c338/pny/videokarta_pny_quadro_rtx_5000_16384mb_vcqrtx5000_blk_oem-2769717.html,True
onlinetrade,NVIDIA GeForce GTX 1050 Ti ,PNY Quadro RTX 5000 16384Mb (VCQRTX5000-BLK) OEM,1637693487.700138,195 600 ₽,https://www.onlinetrade.ru/catalogue/videokarty-c338//catalogue/videokarty-c338/pny/videokarta_pny_quadro_rtx_5000_16384mb_vcqrtx5000_blk_oem-2769717.html,True
onlinetrade,NVIDIA T400 ,PNY Quadro RTX 5000 16384Mb (VCQRTX5000-BLK) OEM,1637693487.700138,195 600 ₽,https://www.onlinetrade.ru/catalogue/videokarty-c338//catalogue/videokarty-c338/pny/videokarta_pny_quadro_rtx_5000_16384mb_vcqrtx5000_blk_oem-2769717.html,True
onlinetrade,NVIDIA GeForce GT 730 ,PNY Quadro RTX 5000 16384Mb (VCQRTX5000-BLK) OEM,1637693487.700138,195 600 ₽,https://www.onlinetrade.ru/catalogue/videokarty-c338//catalogue/videokarty-c338/pny/videokarta_pny_quadro_rtx_5000_16384mb_vcqrtx5000_blk_oem-2769717.html,True
onlinetrade,NVIDIA Quadro RTX4000 ,PNY Quadro RTX 5000 16384Mb (VCQRTX5000-BLK) OEM,1637693487.700138,195 600 ₽,https://www.onlinetrade.ru/catalogue/videokarty-c338//catalogue/videokarty-c338/pny/videokarta_pny_quadro_rtx_5000_16384mb_vcqrtx5000_blk_oem-2769717.html,True
onlinetrade,NVIDIA GeForce GTX 1650 ,PNY Quadro RTX 5000 16384Mb (VCQRTX5000-BLK) OEM,1637693487.700138,195 600 ₽,https://www.onlinetrade.ru/catalogue/videokarty-c338//catalogue/videokarty-c338/pny/videokarta_pny_quadro_rtx_5000_16384mb_vcqrtx5000_blk_oem-2769717.html,True
onlinetrade,NVIDIA GeForce RTX 3080 ,PNY Quadro RTX 5000 16384Mb (VCQRTX5000-BLK) OEM,1637693487.700138,195 600 ₽,https://www.onlinetrade.ru/catalogue/videokarty-c338//catalogue/videokarty-c338/pny/videokarta_pny_quadro_rtx_5000_16384mb_vcqrtx5000_blk_oem-2769717.html,True
onlinetrade,NVIDIA Tesla A40 ,PNY Quadro RTX 5000 16384Mb (VCQRTX5000-BLK) OEM,1637693487.700138,195 600 ₽,https://www.onlinetrade.ru/catalogue/videokarty-c338//catalogue/videokarty-c338/pny/videokarta_pny_quadro_rtx_5000_16384mb_vcqrtx5000_blk_oem-2769717.html,True
onlinetrade,AMD Radeon RX 6900 XT ,PNY Quadro RTX 5000 16384Mb (VCQRTX5000-BLK) OEM,1637693487.700138,195 600 ₽,https://www.onlinetrade.ru/catalogue/videokarty-c338//catalogue/videokarty-c338/pny/videokarta_pny_quadro_rtx_5000_16384mb_vcqrtx5000_blk_oem-2769717.html,True
onlinetrade,NVIDIA Tesla T4 ,PNY Quadro RTX 5000 16384Mb (VCQRTX5000-BLK) OEM,1637693487.700138,195 600 ₽,https://www.onlinetrade.ru/catalogue/videokarty-c338//catalogue/videokarty-c338/pny/videokarta_pny_quadro_rtx_5000_16384mb_vcqrtx5000_blk_oem-2769717.html,True
onlinetrade,NVIDIA Tesla A100 ,ASROCK Radeon RX 6600 8192Mb Challenger ITX (RX6600 CLI 8G),1637693490.1891358,61 999 ₽,https://www.onlinetrade.ru/catalogue/videokarty-c338//catalogue/videokarty-c338/asrock/videokarta_asrock_radeon_rx_6600_8192mb_challenger_itx_rx6600_cli_8g-2883416.html,True
onlinetrade,AMD Radeon RX 6900 XT ,ASROCK Radeon RX 6600 8192Mb Challenger ITX (RX6600 CLI 8G),1637693490.1891358,61 999 ₽,https://www.onlinetrade.ru/catalogue/videokarty-c338//catalogue/videokarty-c338/asrock/videokarta_asrock_radeon_rx_6600_8192mb_challenger_itx_rx6600_cli_8g-2883416.html,True
onlinetrade,NVIDIA Tesla V100S ,ASROCK Radeon RX 6600 8192Mb Challenger ITX (RX6600 CLI 8G),1637693490.1891358,61 999 ₽,https://www.onlinetrade.ru/catalogue/videokarty-c338//catalogue/videokarty-c338/asrock/videokarta_asrock_radeon_rx_6600_8192mb_challenger_itx_rx6600_cli_8g-2883416.html,True
onlinetrade,NVIDIA Quadro P620 ,ASROCK Radeon RX 6600 8192Mb Challenger ITX (RX6600 CLI 8G),1637693490.1891358,61 999 ₽,https://www.onlinetrade.ru/catalogue/videokarty-c338//catalogue/videokarty-c338/asrock/videokarta_asrock_radeon_rx_6600_8192mb_challenger_itx_rx6600_cli_8g-2883416.html,True
onlinetrade,NVIDIA RTX A6000 ,ASROCK Radeon RX 6600 8192Mb Challenger ITX (RX6600 CLI 8G),1637693490.1891358,61 999 ₽,https://www.onlinetrade.ru/catalogue/videokarty-c338//catalogue/videokarty-c338/asrock/videokarta_asrock_radeon_rx_6600_8192mb_challenger_itx_rx6600_cli_8g-2883416.html,True
onlinetrade,NVIDIA Quadro T1000 ,ASROCK Radeon RX 6600 8192Mb Challenger ITX (RX6600 CLI 8G),1637693490.1891358,61 999 ₽,https://www.onlinetrade.ru/catalogue/videokarty-c338//catalogue/videokarty-c338/asrock/videokarta_asrock_radeon_rx_6600_8192mb_challenger_itx_rx6600_cli_8g-2883416.html,True
onlinetrade,NVIDIA Quadro RTX5000 ,ASROCK Radeon RX 6600 8192Mb Challenger ITX (RX6600 CLI 8G),1637693490.1891358,61 999 ₽,https://www.onlinetrade.ru/catalogue/videokarty-c338//catalogue/videokarty-c338/asrock/videokarta_asrock_radeon_rx_6600_8192mb_challenger_itx_rx6600_cli_8g-2883416.html,True
onlinetrade,NVIDIA GeForce RTX 3070 ,ASROCK Radeon RX 6600 8192Mb Challenger ITX (RX6600 CLI 8G),1637693490.1891358,61 999 ₽,https://www.onlinetrade.ru/catalogue/videokarty-c338//catalogue/videokarty-c338/asrock/videokarta_asrock_radeon_rx_6600_8192mb_challenger_itx_rx6600_cli_8g-2883416.html,True
onlinetrade,NVIDIA GeForce RTX 3080 ,ASROCK Radeon RX 6600 8192Mb Challenger ITX (RX6600 CLI 8G),1637693490.1891358,61 999 ₽,https://www.onlinetrade.ru/catalogue/videokarty-c338//catalogue/videokarty-c338/asrock/videokarta_asrock_radeon_rx_6600_8192mb_challenger_itx_rx6600_cli_8g-2883416.html,True
onlinetrade,NVIDIA Quadro P1000 ,ASROCK Radeon RX 6600 8192Mb Challenger ITX (RX6600 CLI 8G),1637693490.1891358,61 999 ₽,https://www.onlinetrade.ru/catalogue/videokarty-c338//catalogue/videokarty-c338/asrock/videokarta_asrock_radeon_rx_6600_8192mb_challenger_itx_rx6600_cli_8g-2883416.html,True
onlinetrade,NVIDIA GeForce GT 730 ,ASROCK Radeon RX 6600 8192Mb Challenger ITX (RX6600 CLI 8G),1637693490.1891358,61 999 ₽,https://www.onlinetrade.ru/catalogue/videokarty-c338//catalogue/videokarty-c338/asrock/videokarta_asrock_radeon_rx_6600_8192mb_challenger_itx_rx6600_cli_8g-2883416.html,True
onlinetrade,NVIDIA GeForce GT 740 ,AFOX GeForce GTX 750 4096Mb LP V2 (AF750-4096D5L4-V2),1637693492.254007,12 690 ₽,https://www.onlinetrade.ru/catalogue/videokarty-c338//catalogue/videokarty-c338/afox/videokarta_afox_geforce_gtx_750_4096mb_lp_v2_af750_4096d5l4_v2-2830672.html,True
onlinetrade,NVIDIA Quadro RTX6000 ,AFOX GeForce GTX 750 4096Mb LP V2 (AF750-4096D5L4-V2),1637693492.254007,12 690 ₽,https://www.onlinetrade.ru/catalogue/videokarty-c338//catalogue/videokarty-c338/afox/videokarta_afox_geforce_gtx_750_4096mb_lp_v2_af750_4096d5l4_v2-2830672.html,True
onlinetrade,AMD Radeon RX 6800 ,AFOX GeForce GTX 750 4096Mb LP V2 (AF750-4096D5L4-V2),1637693492.254007,12 690 ₽,https://www.onlinetrade.ru/catalogue/videokarty-c338//catalogue/videokarty-c338/afox/videokarta_afox_geforce_gtx_750_4096mb_lp_v2_af750_4096d5l4_v2-2830672.html,True
onlinetrade,AMD Radeon RX 6600 ,AFOX GeForce GTX 750 4096Mb LP V2 (AF750-4096D5L4-V2),1637693492.254007,12 690 ₽,https://www.onlinetrade.ru/catalogue/videokarty-c338//catalogue/videokarty-c338/afox/videokarta_afox_geforce_gtx_750_4096mb_lp_v2_af750_4096d5l4_v2-2830672.html,True
onlinetrade,AMD Radeon Pro W6800 ,AFOX GeForce GTX 750 4096Mb LP V2 (AF750-4096D5L4-V2),1637693492.254007,12 690 ₽,https://www.onlinetrade.ru/catalogue/videokarty-c338//catalogue/videokarty-c338/afox/videokarta_afox_geforce_gtx_750_4096mb_lp_v2_af750_4096d5l4_v2-2830672.html,True
onlinetrade,AMD Radeon RX 6900 XT ,AFOX GeForce GTX 750 4096Mb LP V2 (AF750-4096D5L4-V2),1637693492.254007,12 690 ₽,https://www.onlinetrade.ru/catalogue/videokarty-c338//catalogue/videokarty-c338/afox/videokarta_afox_geforce_gtx_750_4096mb_lp_v2_af750_4096d5l4_v2-2830672.html,True
onlinetrade,NVIDIA Quadro RTX6000 ,AFOX GeForce GTX 750 4096Mb LP V2 (AF750-4096D5L4-V2),1637693492.254007,12 690 ₽,https://www.onlinetrade.ru/catalogue/videokarty-c338//catalogue/videokarty-c338/afox/videokarta_afox_geforce_gtx_750_4096mb_lp_v2_af750_4096d5l4_v2-2830672.html,True
onlinetrade,NVIDIA Quadro T1000 ,AFOX GeForce GTX 750 4096Mb LP V2 (AF750-4096D5L4-V2),1637693492.254007,12 690 ₽,https://www.onlinetrade.ru/catalogue/videokarty-c338//catalogue/videokarty-c338/afox/videokarta_afox_geforce_gtx_750_4096mb_lp_v2_af750_4096d5l4_v2-2830672.html,True
onlinetrade,NVIDIA GeForce GTX 1060 ,AFOX GeForce GTX 750 4096Mb LP V2 (AF750-4096D5L4-V2),1637693492.254007,12 690 ₽,https://www.onlinetrade.ru/catalogue/videokarty-c338//catalogue/videokarty-c338/afox/videokarta_afox_geforce_gtx_750_4096mb_lp_v2_af750_4096d5l4_v2-2830672.html,True
onlinetrade,AMD Radeon RX 580 ,AFOX GeForce GTX 750 4096Mb LP V2 (AF750-4096D5L4-V2),1637693492.254007,12 690 ₽,https://www.onlinetrade.ru/catalogue/videokarty-c338//catalogue/videokarty-c338/afox/videokarta_afox_geforce_gtx_750_4096mb_lp_v2_af750_4096d5l4_v2-2830672.html,True
onlinetrade,NVIDIA GeForce GTX 1060 ,AFOX GeForce GTX 750 4096Mb LP V2 (AF750-4096D5L4-V2),1637693492.254007,12 690 ₽,https://www.onlinetrade.ru/catalogue/videokarty-c338//catalogue/videokarty-c338/afox/videokarta_afox_geforce_gtx_750_4096mb_lp_v2_af750_4096d5l4_v2-2830672.html,True
onlinetrade,AMD Radeon RX 570 ,AFOX GeForce GTX 750 4096Mb LP V2 (AF750-4096D5L4-V2),1637693492.254007,12 690 ₽,https://www.onlinetrade.ru/catalogue/videokarty-c338//catalogue/videokarty-c338/afox/videokarta_afox_geforce_gtx_750_4096mb_lp_v2_af750_4096d5l4_v2-2830672.html,True
onlinetrade,NVIDIA GeForce GTX 1070 ,AFOX GeForce GTX 750 4096Mb LP V2 (AF750-4096D5L4-V2),1637693492.254007,12 690 ₽,https://www.onlinetrade.ru/catalogue/videokarty-c338//catalogue/videokarty-c338/afox/videokarta_afox_geforce_gtx_750_4096mb_lp_v2_af750_4096d5l4_v2-2830672.html,True
onlinetrade,AMD Radeon Pro W6800 ,AFOX GeForce GTX 750 4096Mb LP V2 (AF750-4096D5L4-V2),1637693492.254007,12 690 ₽,https://www.onlinetrade.ru/catalogue/videokarty-c338//catalogue/videokarty-c338/afox/videokarta_afox_geforce_gtx_750_4096mb_lp_v2_af750_4096d5l4_v2-2830672.html,True
onlinetrade,AMD Radeon R7 350 ,AFOX GeForce GTX 750 4096Mb LP V2 (AF750-4096D5L4-V2),1637693492.254007,12 690 ₽,https://www.onlinetrade.ru/catalogue/videokarty-c338//catalogue/videokarty-c338/afox/videokarta_afox_geforce_gtx_750_4096mb_lp_v2_af750_4096d5l4_v2-2830672.html,True
onlinetrade,AMD Radeon RX 550 ,AFOX GeForce GTX 750 4096Mb LP V2 (AF750-4096D5L4-V2),1637693492.254007,12 690 ₽,https://www.onlinetrade.ru/catalogue/videokarty-c338//catalogue/videokarty-c338/afox/videokarta_afox_geforce_gtx_750_4096mb_lp_v2_af750_4096d5l4_v2-2830672.html,True
onlinetrade,NVIDIA GeForce GTX 750 ,AFOX GeForce GTX 750 4096Mb LP V2 (AF750-4096D5L4-V2),1637693492.254007,12 690 ₽,https://www.onlinetrade.ru/catalogue/videokarty-c338//catalogue/videokarty-c338/afox/videokarta_afox_geforce_gtx_750_4096mb_lp_v2_af750_4096d5l4_v2-2830672.html,True
onlinetrade,NVIDIA GeForce GTX 750 Ti ,AFOX GeForce GTX 750 4096Mb LP V2 (AF750-4096D5L4-V2),1637693492.254007,12 690 ₽,https://www.onlinetrade.ru/catalogue/videokarty-c338//catalogue/videokarty-c338/afox/videokarta_afox_geforce_gtx_750_4096mb_lp_v2_af750_4096d5l4_v2-2830672.html,True
onlinetrade,NVIDIA GeForce RTX 3070 ,AFOX GeForce GTX 750 4096Mb LP V2 (AF750-4096D5L4-V2),1637693492.254007,12 690 ₽,https://www.onlinetrade.ru/catalogue/videokarty-c338//catalogue/videokarty-c338/afox/videokarta_afox_geforce_gtx_750_4096mb_lp_v2_af750_4096d5l4_v2-2830672.html,True
onlinetrade,NVIDIA GeForce GT 740 ,AFOX GeForce GTX 750 4096Mb LP V2 (AF750-4096D5L4-V2),1637693492.254007,12 690 ₽,https://www.onlinetrade.ru/catalogue/videokarty-c338//catalogue/videokarty-c338/afox/videokarta_afox_geforce_gtx_750_4096mb_lp_v2_af750_4096d5l4_v2-2830672.html,True
onlinetrade,NVIDIA GeForce GT 730 ,AFOX GeForce GTX 750 4096Mb LP V2 (AF750-4096D5L4-V2),1637693492.254007,12 690 ₽,https://www.onlinetrade.ru/catalogue/videokarty-c338//catalogue/videokarty-c338/afox/videokarta_afox_geforce_gtx_750_4096mb_lp_v2_af750_4096d5l4_v2-2830672.html,True
onlinetrade,NVIDIA GeForce GTX 750 Ti ,AFOX GeForce GTX 750 4096Mb LP V2 (AF750-4096D5L4-V2),1637693492.254007,12 690 ₽,https://www.onlinetrade.ru/catalogue/videokarty-c338//catalogue/videokarty-c338/afox/videokarta_afox_geforce_gtx_750_4096mb_lp_v2_af750_4096d5l4_v2-2830672.html,True
onlinetrade,NVIDIA RTX A6000 ,AFOX GeForce GTX 750 4096Mb LP V2 (AF750-4096D5L4-V2),1637693492.254007,12 690 ₽,https://www.onlinetrade.ru/catalogue/videokarty-c338//catalogue/videokarty-c338/afox/videokarta_afox_geforce_gtx_750_4096mb_lp_v2_af750_4096d5l4_v2-2830672.html,True
onlinetrade,NVIDIA Quadro RTX4000 ,AFOX GeForce GTX 750 4096Mb LP V2 (AF750-4096D5L4-V2),1637693492.254007,12 690 ₽,https://www.onlinetrade.ru/catalogue/videokarty-c338//catalogue/videokarty-c338/afox/videokarta_afox_geforce_gtx_750_4096mb_lp_v2_af750_4096d5l4_v2-2830672.html,True
onlinetrade,NVIDIA GeForce GT 610 ,AFOX GeForce GTX 750 4096Mb LP V2 (AF750-4096D5L4-V2),1637693492.254007,12 690 ₽,https://www.onlinetrade.ru/catalogue/videokarty-c338//catalogue/videokarty-c338/afox/videokarta_afox_geforce_gtx_750_4096mb_lp_v2_af750_4096d5l4_v2-2830672.html,True
onlinetrade,AMD Radeon RX 550 ,AFOX GeForce GTX 750 4096Mb LP V2 (AF750-4096D5L4-V2),1637693492.254007,12 690 ₽,https://www.onlinetrade.ru/catalogue/videokarty-c338//catalogue/videokarty-c338/afox/videokarta_afox_geforce_gtx_750_4096mb_lp_v2_af750_4096d5l4_v2-2830672.html,True
onlinetrade,NVIDIA GeForce RTX 3080 Ti ,AFOX GeForce GTX 750 4096Mb LP V2 (AF750-4096D5L4-V2),1637693492.254007,12 690 ₽,https://www.onlinetrade.ru/catalogue/videokarty-c338//catalogue/videokarty-c338/afox/videokarta_afox_geforce_gtx_750_4096mb_lp_v2_af750_4096d5l4_v2-2830672.html,True
onlinetrade,NVIDIA GeForce RTX 3070 ,AFOX GeForce GTX 750 4096Mb LP V2 (AF750-4096D5L4-V2),1637693492.254007,12 690 ₽,https://www.onlinetrade.ru/catalogue/videokarty-c338//catalogue/videokarty-c338/afox/videokarta_afox_geforce_gtx_750_4096mb_lp_v2_af750_4096d5l4_v2-2830672.html,True
onlinetrade,NVIDIA GeForce RTX 3060 ,AFOX GeForce GTX 750 4096Mb LP V2 (AF750-4096D5L4-V2),1637693492.254007,12 690 ₽,https://www.onlinetrade.ru/catalogue/videokarty-c338//catalogue/videokarty-c338/afox/videokarta_afox_geforce_gtx_750_4096mb_lp_v2_af750_4096d5l4_v2-2830672.html,True
onlinetrade,NVIDIA GeForce RTX 3080 ,AFOX GeForce GTX 750 4096Mb LP V2 (AF750-4096D5L4-V2),1637693492.254007,12 690 ₽,https://www.onlinetrade.ru/catalogue/videokarty-c338//catalogue/videokarty-c338/afox/videokarta_afox_geforce_gtx_750_4096mb_lp_v2_af750_4096d5l4_v2-2830672.html,True
onlinetrade,AMD Radeon RX 580 ,AFOX GeForce GTX 750 4096Mb LP V2 (AF750-4096D5L4-V2),1637693492.254007,12 690 ₽,https://www.onlinetrade.ru/catalogue/videokarty-c338//catalogue/videokarty-c338/afox/videokarta_afox_geforce_gtx_750_4096mb_lp_v2_af750_4096d5l4_v2-2830672.html,True
onlinetrade,AMD Radeon RX 580 ,AFOX GeForce GTX 750 4096Mb LP V2 (AF750-4096D5L4-V2),1637693492.254007,12 690 ₽,https://www.onlinetrade.ru/catalogue/videokarty-c338//catalogue/videokarty-c338/afox/videokarta_afox_geforce_gtx_750_4096mb_lp_v2_af750_4096d5l4_v2-2830672.html,True
onlinetrade,NVIDIA Quadro T1000 ,AFOX GeForce GTX 750 4096Mb LP V2 (AF750-4096D5L4-V2),1637693492.254007,12 690 ₽,https://www.onlinetrade.ru/catalogue/videokarty-c338//catalogue/videokarty-c338/afox/videokarta_afox_geforce_gtx_750_4096mb_lp_v2_af750_4096d5l4_v2-2830672.html,True
onlinetrade,AMD Radeon RX 6900 XT ,AFOX GeForce GTX 750 4096Mb LP V2 (AF750-4096D5L4-V2),1637693492.254007,12 690 ₽,https://www.onlinetrade.ru/catalogue/videokarty-c338//catalogue/videokarty-c338/afox/videokarta_afox_geforce_gtx_750_4096mb_lp_v2_af750_4096d5l4_v2-2830672.html,True
onlinetrade,AMD Radeon RX 6900 XT ,AFOX GeForce GTX 750 4096Mb LP V2 (AF750-4096D5L4-V2),1637693492.254007,12 690 ₽,https://www.onlinetrade.ru/catalogue/videokarty-c338//catalogue/videokarty-c338/afox/videokarta_afox_geforce_gtx_750_4096mb_lp_v2_af750_4096d5l4_v2-2830672.html,True
onlinetrade,NVIDIA Quadro T1000 ,AFOX GeForce GTX 750 4096Mb LP V2 (AF750-4096D5L4-V2),1637693492.254007,12 690 ₽,https://www.onlinetrade.ru/catalogue/videokarty-c338//catalogue/videokarty-c338/afox/videokarta_afox_geforce_gtx_750_4096mb_lp_v2_af750_4096d5l4_v2-2830672.html,True
onlinetrade,NVIDIA Quadro RTX6000 ,AFOX GeForce GTX 750 4096Mb LP V2 (AF750-4096D5L4-V2),1637693492.254007,12 690 ₽,https://www.onlinetrade.ru/catalogue/videokarty-c338//catalogue/videokarty-c338/afox/videokarta_afox_geforce_gtx_750_4096mb_lp_v2_af750_4096d5l4_v2-2830672.html,True
onlinetrade,NVIDIA Quadro T1000 ,AFOX GeForce GTX 750 4096Mb LP V2 (AF750-4096D5L4-V2),1637693492.254007,12 690 ₽,https://www.onlinetrade.ru/catalogue/videokarty-c338//catalogue/videokarty-c338/afox/videokarta_afox_geforce_gtx_750_4096mb_lp_v2_af750_4096d5l4_v2-2830672.html,True
onlinetrade,NVIDIA GeForce RTX 3080 ,AFOX GeForce GTX 750 4096Mb LP V2 (AF750-4096D5L4-V2),1637693492.254007,12 690 ₽,https://www.onlinetrade.ru/catalogue/videokarty-c338//catalogue/videokarty-c338/afox/videokarta_afox_geforce_gtx_750_4096mb_lp_v2_af750_4096d5l4_v2-2830672.html,True
onlinetrade,NVIDIA Quadro RTX8000 ,AFOX GeForce GTX 750 4096Mb LP V2 (AF750-4096D5L4-V2),1637693492.254007,12 690 ₽,https://www.onlinetrade.ru/catalogue/videokarty-c338//catalogue/videokarty-c338/afox/videokarta_afox_geforce_gtx_750_4096mb_lp_v2_af750_4096d5l4_v2-2830672.html,True
onlinetrade,NVIDIA Quadro P620 ,AFOX GeForce GTX 750 4096Mb LP V2 (AF750-4096D5L4-V2),1637693492.254007,12 690 ₽,https://www.onlinetrade.ru/catalogue/videokarty-c338//catalogue/videokarty-c338/afox/videokarta_afox_geforce_gtx_750_4096mb_lp_v2_af750_4096d5l4_v2-2830672.html,True
onlinetrade,NVIDIA Quadro RTX5000 ,AFOX GeForce GTX 750 4096Mb LP V2 (AF750-4096D5L4-V2),1637693492.254007,12 690 ₽,https://www.onlinetrade.ru/catalogue/videokarty-c338//catalogue/videokarty-c338/afox/videokarta_afox_geforce_gtx_750_4096mb_lp_v2_af750_4096d5l4_v2-2830672.html,True
onlinetrade,NVIDIA Quadro P620 ,AFOX GeForce GTX 750 4096Mb LP V2 (AF750-4096D5L4-V2),1637693492.254007,12 690 ₽,https://www.onlinetrade.ru/catalogue/videokarty-c338//catalogue/videokarty-c338/afox/videokarta_afox_geforce_gtx_750_4096mb_lp_v2_af750_4096d5l4_v2-2830672.html,True
onlinetrade,NVIDIA Quadro P400 ,AFOX GeForce GTX 750 4096Mb LP V2 (AF750-4096D5L4-V2),1637693492.254007,12 690 ₽,https://www.onlinetrade.ru/catalogue/videokarty-c338//catalogue/videokarty-c338/afox/videokarta_afox_geforce_gtx_750_4096mb_lp_v2_af750_4096d5l4_v2-2830672.html,True
onlinetrade,AMD Radeon R5 230 ,AFOX GeForce GTX 750 4096Mb LP V2 (AF750-4096D5L4-V2),1637693492.254007,12 690 ₽,https://www.onlinetrade.ru/catalogue/videokarty-c338//catalogue/videokarty-c338/afox/videokarta_afox_geforce_gtx_750_4096mb_lp_v2_af750_4096d5l4_v2-2830672.html,True
onlinetrade,NVIDIA Quadro RTX4000 ,AFOX GeForce GTX 750 4096Mb LP V2 (AF750-4096D5L4-V2),1637693492.254007,12 690 ₽,https://www.onlinetrade.ru/catalogue/videokarty-c338//catalogue/videokarty-c338/afox/videokarta_afox_geforce_gtx_750_4096mb_lp_v2_af750_4096d5l4_v2-2830672.html,True
onlinetrade,NVIDIA GeForce RTX 3080 ,AFOX GeForce GTX 750 4096Mb LP V2 (AF750-4096D5L4-V2),1637693492.254007,12 690 ₽,https://www.onlinetrade.ru/catalogue/videokarty-c338//catalogue/videokarty-c338/afox/videokarta_afox_geforce_gtx_750_4096mb_lp_v2_af750_4096d5l4_v2-2830672.html,True
onlinetrade,NVIDIA GeForce GT 730 ,AFOX GeForce GTX 750 4096Mb LP V2 (AF750-4096D5L4-V2),1637693492.254007,12 690 ₽,https://www.onlinetrade.ru/catalogue/videokarty-c338//catalogue/videokarty-c338/afox/videokarta_afox_geforce_gtx_750_4096mb_lp_v2_af750_4096d5l4_v2-2830672.html,True
regard,GeForce RTX 3090,NVIDIA GeForce RTX3090 ASUS 24Gb (TURBO-RTX3090-24G) OEM,1637693450.8323932,308940,https://www.regard.ru/catalog/tovar374862.htm,True
onlinetrade,NVIDIA GeForce RTX 3060 Ti ,AFOX GeForce GTX 750 4096Mb LP V2 (AF750-4096D5L4-V2),1637693492.254007,12 690 ₽,https://www.onlinetrade.ru/catalogue/videokarty-c338//catalogue/videokarty-c338/afox/videokarta_afox_geforce_gtx_750_4096mb_lp_v2_af750_4096d5l4_v2-2830672.html,True
onlinetrade,NVIDIA GeForce RTX 3070 Ti ,AFOX GeForce GTX 750 4096Mb LP V2 (AF750-4096D5L4-V2),1637693492.254007,12 690 ₽,https://www.onlinetrade.ru/catalogue/videokarty-c338//catalogue/videokarty-c338/afox/videokarta_afox_geforce_gtx_750_4096mb_lp_v2_af750_4096d5l4_v2-2830672.html,True
onlinetrade,NVIDIA GeForce RTX 2060 Super ,AFOX GeForce GTX 750 4096Mb LP V2 (AF750-4096D5L4-V2),1637693492.254007,12 690 ₽,https://www.onlinetrade.ru/catalogue/videokarty-c338//catalogue/videokarty-c338/afox/videokarta_afox_geforce_gtx_750_4096mb_lp_v2_af750_4096d5l4_v2-2830672.html,True
onlinetrade,NVIDIA GeForce RTX 3060 Ti ,AFOX GeForce GTX 750 4096Mb LP V2 (AF750-4096D5L4-V2),1637693492.254007,12 690 ₽,https://www.onlinetrade.ru/catalogue/videokarty-c338//catalogue/videokarty-c338/afox/videokarta_afox_geforce_gtx_750_4096mb_lp_v2_af750_4096d5l4_v2-2830672.html,True
onlinetrade,NVIDIA GeForce GTX 1660 Ti ,AFOX GeForce GTX 750 4096Mb LP V2 (AF750-4096D5L4-V2),1637693492.254007,12 690 ₽,https://www.onlinetrade.ru/catalogue/videokarty-c338//catalogue/videokarty-c338/afox/videokarta_afox_geforce_gtx_750_4096mb_lp_v2_af750_4096d5l4_v2-2830672.html,True
onlinetrade,NVIDIA GeForce GT 610 ,AFOX GeForce GTX 750 4096Mb LP V2 (AF750-4096D5L4-V2),1637693492.254007,12 690 ₽,https://www.onlinetrade.ru/catalogue/videokarty-c338//catalogue/videokarty-c338/afox/videokarta_afox_geforce_gtx_750_4096mb_lp_v2_af750_4096d5l4_v2-2830672.html,True
onlinetrade,NVIDIA GeForce RTX 3060 Ti ,AFOX GeForce GTX 750 4096Mb LP V2 (AF750-4096D5L4-V2),1637693492.254007,12 690 ₽,https://www.onlinetrade.ru/catalogue/videokarty-c338//catalogue/videokarty-c338/afox/videokarta_afox_geforce_gtx_750_4096mb_lp_v2_af750_4096d5l4_v2-2830672.html,True
onlinetrade,NVIDIA GeForce GTX 1660 ,AFOX GeForce GTX 750 4096Mb LP V2 (AF750-4096D5L4-V2),1637693492.254007,12 690 ₽,https://www.onlinetrade.ru/catalogue/videokarty-c338//catalogue/videokarty-c338/afox/videokarta_afox_geforce_gtx_750_4096mb_lp_v2_af750_4096d5l4_v2-2830672.html,True
onlinetrade,NVIDIA GeForce GTX 750 Ti ,AFOX GeForce GTX 750 4096Mb LP V2 (AF750-4096D5L4-V2),1637693492.254007,12 690 ₽,https://www.onlinetrade.ru/catalogue/videokarty-c338//catalogue/videokarty-c338/afox/videokarta_afox_geforce_gtx_750_4096mb_lp_v2_af750_4096d5l4_v2-2830672.html,True
regard,GeForce RTX 3080,NVIDIA GeForce RTX3090 ASUS 24Gb (TURBO-RTX3090-24G) OEM,1637693450.8323932,308940,https://www.regard.ru/catalog/tovar374862.htm,True
onlinetrade,AMD Radeon RX 6900 XT ,AFOX GeForce GTX 750 4096Mb LP V2 (AF750-4096D5L4-V2),1637693492.254007,12 690 ₽,https://www.onlinetrade.ru/catalogue/videokarty-c338//catalogue/videokarty-c338/afox/videokarta_afox_geforce_gtx_750_4096mb_lp_v2_af750_4096d5l4_v2-2830672.html,True
regard,GeForce GT 730,NVIDIA GeForce RTX3090 ASUS 24Gb (TURBO-RTX3090-24G) OEM,1637693450.8323932,308940,https://www.regard.ru/catalog/tovar374862.htm,True
regard,GeForce RTX 3080,NVIDIA GeForce RTX3090 ASUS 24Gb (TURBO-RTX3090-24G) OEM,1637693450.8323932,308940,https://www.regard.ru/catalog/tovar374862.htm,True
regard,GeForce GTX 1050 Ti,NVIDIA GeForce RTX3090 ASUS 24Gb (TURBO-RTX3090-24G) OEM,1637693450.8323932,308940,https://www.regard.ru/catalog/tovar374862.htm,True
regard,GeForce GT 730,NVIDIA GeForce RTX3090 ASUS 24Gb (TURBO-RTX3090-24G) OEM,1637693450.8323932,308940,https://www.regard.ru/catalog/tovar374862.htm,True
regard,GeForce GT 730,NVIDIA GeForce RTX3090 ASUS 24Gb (TURBO-RTX3090-24G) OEM,1637693450.8323932,308940,https://www.regard.ru/catalog/tovar374862.htm,True
regard,GeForce GT 730,NVIDIA GeForce RTX3090 ASUS 24Gb (TURBO-RTX3090-24G) OEM,1637693450.8323932,308940,https://www.regard.ru/catalog/tovar374862.htm,True
regard,GeForce GT 730,NVIDIA GeForce RTX3090 ASUS 24Gb (TURBO-RTX3090-24G) OEM,1637693450.8323932,308940,https://www.regard.ru/catalog/tovar374862.htm,True
regard,GeForce GT 730,NVIDIA GeForce RTX3090 ASUS 24Gb (TURBO-RTX3090-24G) OEM,1637693450.8323932,308940,https://www.regard.ru/catalog/tovar374862.htm,True
regard,GeForce GT 730,NVIDIA GeForce RTX3090 ASUS 24Gb (TURBO-RTX3090-24G) OEM,1637693450.8323932,308940,https://www.regard.ru/catalog/tovar374862.htm,True
regard,GeForce GTX 1050 Ti,NVIDIA GeForce RTX3090 ASUS 24Gb (TURBO-RTX3090-24G) OEM,1637693450.8323932,308940,https://www.regard.ru/catalog/tovar374862.htm,True
regard,GeForce GT 730,NVIDIA GeForce RTX3090 ASUS 24Gb (TURBO-RTX3090-24G) OEM,1637693450.8323932,308940,https://www.regard.ru/catalog/tovar374862.htm,True
regard,GeForce GT 730,NVIDIA GeForce RTX3090 ASUS 24Gb (TURBO-RTX3090-24G) OEM,1637693450.8323932,308940,https://www.regard.ru/catalog/tovar374862.htm,True
regard,GeForce GT 730,NVIDIA GeForce RTX3090 ASUS 24Gb (TURBO-RTX3090-24G) OEM,1637693450.8323932,308940,https://www.regard.ru/catalog/tovar374862.htm,True
regard,GeForce GT 730,NVIDIA GeForce RTX3090 ASUS 24Gb (TURBO-RTX3090-24G) OEM,1637693450.8323932,308940,https://www.regard.ru/catalog/tovar374862.htm,True
regard,GeForce GT 730,NVIDIA GeForce RTX3090 ASUS 24Gb (TURBO-RTX3090-24G) OEM,1637693450.8323932,308940,https://www.regard.ru/catalog/tovar374862.htm,True
regard,GeForce GT 1030,NVIDIA GeForce RTX3090 ASUS 24Gb (TURBO-RTX3090-24G) OEM,1637693450.8323932,308940,https://www.regard.ru/catalog/tovar374862.htm,True
regard,GeForce GT 1030,NVIDIA GeForce RTX3090 ASUS 24Gb (TURBO-RTX3090-24G) OEM,1637693450.8323932,308940,https://www.regard.ru/catalog/tovar374862.htm,True
regard,GeForce GT 1030,NVIDIA GeForce RTX3090 ASUS 24Gb (TURBO-RTX3090-24G) OEM,1637693450.8323932,308940,https://www.regard.ru/catalog/tovar374862.htm,True
regard,GeForce GT 1030,NVIDIA GeForce RTX3090 ASUS 24Gb (TURBO-RTX3090-24G) OEM,1637693450.8323932,308940,https://www.regard.ru/catalog/tovar374862.htm,True
regard,GeForce GT 1030,NVIDIA GeForce RTX3090 ASUS 24Gb (TURBO-RTX3090-24G) OEM,1637693450.8323932,308940,https://www.regard.ru/catalog/tovar374862.htm,True
regard,Radeon RX 6900 XT,NVIDIA GeForce RTX3090 ASUS 24Gb (TURBO-RTX3090-24G) OEM,1637693450.8323932,308940,https://www.regard.ru/catalog/tovar374862.htm,True
regard,Radeon RX 6900 XT,NVIDIA GeForce RTX3090 ASUS 24Gb (TURBO-RTX3090-24G) OEM,1637693450.8323932,308940,https://www.regard.ru/catalog/tovar374862.htm,True
regard,Radeon RX 6900 XT,NVIDIA GeForce RTX3090 ASUS 24Gb (TURBO-RTX3090-24G) OEM,1637693450.8323932,308940,https://www.regard.ru/catalog/tovar374862.htm,True
